Protein,Start,End,Sequence,Modification,Fragment,MaxUptake,MHP,State,Exposure,Center,Center SD,Uptake,Uptake SD,RT,RT SD
sp,1,15,MVTFHTNHGDIVIKT,,,14.000000,1712.878900,ppiB_FD,0.000000,1713.932922,0.023566,0.000000,0.000000,6.697811,0.003613
sp,1,15,MVTFHTNHGDIVIKT,,,14.000000,1712.878900,ppiB_FD,0.167000,1721.438187,0.042083,7.505264,0.048232,6.788969,0.001704
sp,1,15,MVTFHTNHGDIVIKT,,,14.000000,1712.878900,ppiB_Native_30C_kinetics,0.000000,1713.934821,0.014693,0.000000,0.000000,6.697389,0.004272
sp,1,15,MVTFHTNHGDIVIKT,,,14.000000,1712.878900,ppiB_Native_30C_kinetics,0.167000,1715.530218,0.030613,1.595398,0.033956,6.757501,0.008534
sp,1,15,MVTFHTNHGDIVIKT,,,14.000000,1712.878900,ppiB_Native_30C_kinetics,0.500000,1715.569618,0.033240,1.634797,0.036343,6.735296,0.011251
sp,1,15,MVTFHTNHGDIVIKT,,,14.000000,1712.878900,ppiB_Native_30C_kinetics,1.000000,1715.541935,0.058366,1.607114,0.060187,6.766921,0.000863
sp,1,15,MVTFHTNHGDIVIKT,,,14.000000,1712.878900,ppiB_Native_30C_kinetics,5.000000,1715.793616,0.035033,1.858795,0.037989,6.726880,0.003171
sp,1,15,MVTFHTNHGDIVIKT,,,14.000000,1712.878900,ppiB_Native_30C_kinetics,10.000000,1715.857416,0.037874,1.922595,0.040625,6.737047,0.002925
sp,1,15,MVTFHTNHGDIVIKT,,,14.000000,1712.878900,ppiB_Native_30C_kinetics,30.000002,1715.882333,0.020695,1.947512,0.025381,6.761918,0.008360
sp,1,26,MVTFHTNHGDIVIKTFDDKAPETVKN,,,24.000000,2957.482600,ppiB_FD,0.000000,2959.282988,0.033090,0.000000,0.000000,6.573296,0.005187
sp,1,26,MVTFHTNHGDIVIKTFDDKAPETVKN,,,24.000000,2957.482600,ppiB_FD,0.167000,2971.467811,0.083298,12.184823,0.089630,6.657423,0.002791
sp,1,26,MVTFHTNHGDIVIKTFDDKAPETVKN,,,24.000000,2957.482600,ppiB_Native_30C_kinetics,0.000000,2959.302347,0.023738,0.000000,0.000000,6.571283,0.004133
sp,1,26,MVTFHTNHGDIVIKTFDDKAPETVKN,,,24.000000,2957.482600,ppiB_Native_30C_kinetics,0.167000,2961.649912,0.062862,2.347565,0.067194,6.631793,0.000741
sp,1,26,MVTFHTNHGDIVIKTFDDKAPETVKN,,,24.000000,2957.482600,ppiB_Native_30C_kinetics,0.500000,2961.972460,0.165689,2.670113,0.167381,6.601888,0.002332
sp,1,26,MVTFHTNHGDIVIKTFDDKAPETVKN,,,24.000000,2957.482600,ppiB_Native_30C_kinetics,1.000000,2961.662851,0.040407,2.360504,0.046864,6.625113,0.006711
sp,1,26,MVTFHTNHGDIVIKTFDDKAPETVKN,,,24.000000,2957.482600,ppiB_Native_30C_kinetics,5.000000,2962.301750,0.117193,2.999403,0.119572,6.591292,0.007251
sp,1,26,MVTFHTNHGDIVIKTFDDKAPETVKN,,,24.000000,2957.482600,ppiB_Native_30C_kinetics,10.000000,2962.785173,0.136428,3.482826,0.138478,6.598285,0.000921
sp,1,26,MVTFHTNHGDIVIKTFDDKAPETVKN,,,24.000000,2957.482600,ppiB_Native_30C_kinetics,30.000002,2963.164864,0.119176,3.862517,0.121517,6.623803,0.009472
sp,1,27,MVTFHTNHGDIVIKTFDDKAPETVKNF,,,25.000000,3104.551000,ppiB_FD,0.000000,3106.466062,0.042182,0.000000,0.000000,7.090070,0.004570
sp,1,27,MVTFHTNHGDIVIKTFDDKAPETVKNF,,,25.000000,3104.551000,ppiB_FD,0.167000,3118.454009,0.052280,11.987947,0.067175,7.161748,0.001585
sp,1,27,MVTFHTNHGDIVIKTFDDKAPETVKNF,,,25.000000,3104.551000,ppiB_Native_30C_kinetics,0.000000,3106.475227,0.034969,0.000000,0.000000,7.087687,0.004102
sp,1,27,MVTFHTNHGDIVIKTFDDKAPETVKNF,,,25.000000,3104.551000,ppiB_Native_30C_kinetics,0.167000,3108.659928,0.019207,2.184701,0.039897,7.139486,0.001839
sp,1,27,MVTFHTNHGDIVIKTFDDKAPETVKNF,,,25.000000,3104.551000,ppiB_Native_30C_kinetics,0.500000,3108.807599,0.074746,2.332372,0.082522,7.108078,0.002975
sp,1,27,MVTFHTNHGDIVIKTFDDKAPETVKNF,,,25.000000,3104.551000,ppiB_Native_30C_kinetics,1.000000,3108.688036,0.060113,2.212810,0.069544,7.131354,0.005099
sp,1,27,MVTFHTNHGDIVIKTFDDKAPETVKNF,,,25.000000,3104.551000,ppiB_Native_30C_kinetics,5.000000,3109.216535,0.042858,2.741309,0.055315,7.106974,0.003118
sp,1,27,MVTFHTNHGDIVIKTFDDKAPETVKNF,,,25.000000,3104.551000,ppiB_Native_30C_kinetics,10.000000,3109.549922,0.020302,3.074695,0.040435,7.106121,0.001170
sp,1,27,MVTFHTNHGDIVIKTFDDKAPETVKNF,,,25.000000,3104.551000,ppiB_Native_30C_kinetics,30.000002,3110.033485,0.039391,3.558258,0.052674,7.144552,0.001843
sp,1,28,MVTFHTNHGDIVIKTFDDKAPETVKNFL,,,26.000000,3217.635000,ppiB_FD,0.000000,3219.615282,0.013700,0.000000,0.000000,7.695193,0.005709
sp,1,28,MVTFHTNHGDIVIKTFDDKAPETVKNFL,,,26.000000,3217.635000,ppiB_FD,0.167000,3232.900852,0.057618,13.285569,0.059224,7.743221,0.001499
sp,1,28,MVTFHTNHGDIVIKTFDDKAPETVKNFL,,,26.000000,3217.635000,ppiB_Native_30C_kinetics,0.000000,3219.610216,0.018600,0.000000,0.000000,7.696605,0.004783
sp,1,28,MVTFHTNHGDIVIKTFDDKAPETVKNFL,,,26.000000,3217.635000,ppiB_Native_30C_kinetics,0.167000,3221.943855,0.035624,2.333639,0.040187,7.734922,0.004036
sp,1,28,MVTFHTNHGDIVIKTFDDKAPETVKNFL,,,26.000000,3217.635000,ppiB_Native_30C_kinetics,0.500000,3222.075663,0.057047,2.465447,0.060003,7.706875,0.003504
sp,1,28,MVTFHTNHGDIVIKTFDDKAPETVKNFL,,,26.000000,3217.635000,ppiB_Native_30C_kinetics,1.000000,3221.931076,0.109853,2.320860,0.111417,7.728879,0.006792
sp,1,28,MVTFHTNHGDIVIKTFDDKAPETVKNFL,,,26.000000,3217.635000,ppiB_Native_30C_kinetics,5.000000,3222.682603,0.045199,3.072387,0.048876,7.698552,0.000838
sp,1,28,MVTFHTNHGDIVIKTFDDKAPETVKNFL,,,26.000000,3217.635000,ppiB_Native_30C_kinetics,10.000000,3222.991177,0.027228,3.380962,0.032975,7.699199,0.000545
sp,1,28,MVTFHTNHGDIVIKTFDDKAPETVKNFL,,,26.000000,3217.635000,ppiB_Native_30C_kinetics,30.000002,3223.354112,0.019104,3.743897,0.026663,7.733141,0.002319
sp,1,29,MVTFHTNHGDIVIKTFDDKAPETVKNFLD,,,27.000000,3332.662000,ppiB_FD,0.000000,3334.688424,0.009454,0.000000,0.000000,7.657918,0.004091
sp,1,29,MVTFHTNHGDIVIKTFDDKAPETVKNFLD,,,27.000000,3332.662000,ppiB_FD,0.167000,3348.774596,0.018892,14.086172,0.021125,7.703007,0.001184
sp,1,29,MVTFHTNHGDIVIKTFDDKAPETVKNFLD,,,27.000000,3332.662000,ppiB_Native_30C_kinetics,0.000000,3334.704276,0.013686,0.000000,0.000000,7.658471,0.003182
sp,1,29,MVTFHTNHGDIVIKTFDDKAPETVKNFLD,,,27.000000,3332.662000,ppiB_Native_30C_kinetics,0.167000,3337.080759,0.063868,2.376483,0.065318,7.699493,0.002639
sp,1,29,MVTFHTNHGDIVIKTFDDKAPETVKNFLD,,,27.000000,3332.662000,ppiB_Native_30C_kinetics,0.500000,3337.193399,0.086280,2.489123,0.087359,7.670321,0.003910
sp,1,29,MVTFHTNHGDIVIKTFDDKAPETVKNFLD,,,27.000000,3332.662000,ppiB_Native_30C_kinetics,1.000000,3337.098110,0.085808,2.393834,0.086892,7.688130,0.004606
sp,1,29,MVTFHTNHGDIVIKTFDDKAPETVKNFLD,,,27.000000,3332.662000,ppiB_Native_30C_kinetics,5.000000,3337.762002,0.036408,3.057726,0.038895,7.660844,0.000594
sp,1,29,MVTFHTNHGDIVIKTFDDKAPETVKNFLD,,,27.000000,3332.662000,ppiB_Native_30C_kinetics,10.000000,3338.109907,0.022848,3.405631,0.026633,7.661978,0.000864
sp,1,29,MVTFHTNHGDIVIKTFDDKAPETVKNFLD,,,27.000000,3332.662000,ppiB_Native_30C_kinetics,30.000002,3338.438301,0.050363,3.734025,0.052189,7.694099,0.003391
sp,1,30,MVTFHTNHGDIVIKTFDDKAPETVKNFLDY,,,28.000000,3495.725300,ppiB_FD,0.000000,3497.836932,0.013216,0.000000,0.000000,8.014227,0.003369
sp,1,30,MVTFHTNHGDIVIKTFDDKAPETVKNFLDY,,,28.000000,3495.725300,ppiB_FD,0.167000,3512.614423,0.037652,14.777491,0.039904,8.063826,0.001310
sp,1,30,MVTFHTNHGDIVIKTFDDKAPETVKNFLDY,,,28.000000,3495.725300,ppiB_Native_30C_kinetics,0.000000,3497.838423,0.006641,0.000000,0.000000,8.017252,0.005450
sp,1,30,MVTFHTNHGDIVIKTFDDKAPETVKNFLDY,,,28.000000,3495.725300,ppiB_Native_30C_kinetics,0.167000,3500.285646,0.033509,2.447224,0.034161,8.057822,0.002451
sp,1,30,MVTFHTNHGDIVIKTFDDKAPETVKNFLDY,,,28.000000,3495.725300,ppiB_Native_30C_kinetics,0.500000,3500.357532,0.068354,2.519110,0.068676,8.026198,0.004048
sp,1,30,MVTFHTNHGDIVIKTFDDKAPETVKNFLDY,,,28.000000,3495.725300,ppiB_Native_30C_kinetics,1.000000,3500.301084,0.079945,2.462662,0.080221,8.049215,0.008774
sp,1,30,MVTFHTNHGDIVIKTFDDKAPETVKNFLDY,,,28.000000,3495.725300,ppiB_Native_30C_kinetics,5.000000,3500.924023,0.036447,3.085600,0.037047,8.024919,0.001326
sp,1,30,MVTFHTNHGDIVIKTFDDKAPETVKNFLDY,,,28.000000,3495.725300,ppiB_Native_30C_kinetics,10.000000,3501.254986,0.016719,3.416564,0.017990,8.024956,0.002422
sp,1,30,MVTFHTNHGDIVIKTFDDKAPETVKNFLDY,,,28.000000,3495.725300,ppiB_Native_30C_kinetics,30.000002,3501.693061,0.061903,3.854638,0.062258,8.054259,0.003058
sp,1,35,MVTFHTNHGDIVIKTFDDKAPETVKNFLDYCREGF,,,33.000000,4087.968100,ppiB_FD,0.000000,4090.535560,0.023094,0.000000,0.000000,8.962221,0.006595
sp,1,35,MVTFHTNHGDIVIKTFDDKAPETVKNFLDYCREGF,,,33.000000,4087.968100,ppiB_FD,0.167000,4109.260474,0.098781,18.724914,0.101444,8.967008,0.001635
sp,1,35,MVTFHTNHGDIVIKTFDDKAPETVKNFLDYCREGF,,,33.000000,4087.968100,ppiB_Native_30C_kinetics,0.000000,4090.534058,0.012713,0.000000,0.000000,8.960878,0.003311
sp,1,35,MVTFHTNHGDIVIKTFDDKAPETVKNFLDYCREGF,,,33.000000,4087.968100,ppiB_Native_30C_kinetics,0.167000,4093.390515,0.077860,2.856457,0.078891,8.982783,0.001725
sp,1,35,MVTFHTNHGDIVIKTFDDKAPETVKNFLDYCREGF,,,33.000000,4087.968100,ppiB_Native_30C_kinetics,0.500000,4093.355140,0.069764,2.821082,0.070913,8.953345,0.002962
sp,1,35,MVTFHTNHGDIVIKTFDDKAPETVKNFLDYCREGF,,,33.000000,4087.968100,ppiB_Native_30C_kinetics,1.000000,4093.693363,0.102112,3.159305,0.102901,8.974174,0.007617
sp,1,35,MVTFHTNHGDIVIKTFDDKAPETVKNFLDYCREGF,,,33.000000,4087.968100,ppiB_Native_30C_kinetics,5.000000,4094.532857,0.039476,3.998800,0.041473,8.947196,0.001609
sp,1,35,MVTFHTNHGDIVIKTFDDKAPETVKNFLDYCREGF,,,33.000000,4087.968100,ppiB_Native_30C_kinetics,10.000000,4095.001277,0.041147,4.467220,0.043066,8.946361,0.001707
sp,1,35,MVTFHTNHGDIVIKTFDDKAPETVKNFLDYCREGF,,,33.000000,4087.968100,ppiB_Native_30C_kinetics,30.000002,4095.854560,0.044097,5.320502,0.045893,8.977489,0.001615
sp,1,41,MVTFHTNHGDIVIKTFDDKAPETVKNFLDYCREGFYNNTIF,,,39.000000,4840.317400,ppiB_FD,0.000000,4843.376896,0.015186,0.000000,0.000000,9.502228,0.008002
sp,1,41,MVTFHTNHGDIVIKTFDDKAPETVKNFLDYCREGFYNNTIF,,,39.000000,4840.317400,ppiB_FD,0.167000,4866.758328,0.014012,23.381433,0.020663,9.503788,0.003535
sp,1,41,MVTFHTNHGDIVIKTFDDKAPETVKNFLDYCREGFYNNTIF,,,39.000000,4840.317400,ppiB_Native_30C_kinetics,0.000000,4843.371161,0.003984,0.000000,0.000000,9.504041,0.004065
sp,1,41,MVTFHTNHGDIVIKTFDDKAPETVKNFLDYCREGFYNNTIF,,,39.000000,4840.317400,ppiB_Native_30C_kinetics,0.167000,4846.632040,0.096751,3.260879,0.096833,9.511953,0.001443
sp,1,41,MVTFHTNHGDIVIKTFDDKAPETVKNFLDYCREGFYNNTIF,,,39.000000,4840.317400,ppiB_Native_30C_kinetics,0.500000,4846.563474,0.097081,3.192313,0.097163,9.489700,0.003946
sp,1,41,MVTFHTNHGDIVIKTFDDKAPETVKNFLDYCREGFYNNTIF,,,39.000000,4840.317400,ppiB_Native_30C_kinetics,1.000000,4846.863830,0.132550,3.492669,0.132610,9.505147,0.002470
sp,1,41,MVTFHTNHGDIVIKTFDDKAPETVKNFLDYCREGFYNNTIF,,,39.000000,4840.317400,ppiB_Native_30C_kinetics,5.000000,4847.782711,0.052074,4.411550,0.052226,9.480329,0.001441
sp,1,41,MVTFHTNHGDIVIKTFDDKAPETVKNFLDYCREGFYNNTIF,,,39.000000,4840.317400,ppiB_Native_30C_kinetics,10.000000,4848.473398,0.090123,5.102237,0.090211,9.479569,0.002036
sp,1,41,MVTFHTNHGDIVIKTFDDKAPETVKNFLDYCREGFYNNTIF,,,39.000000,4840.317400,ppiB_Native_30C_kinetics,30.000002,4849.643675,0.001263,6.272514,0.004180,9.508431,0.001933
sp,1,47,MVTFHTNHGDIVIKTFDDKAPETVKNFLDYCREGFYNNTIFHRVING,,,45.000000,5516.694300,ppiB_FD,0.000000,5520.112274,0.016128,0.000000,0.000000,9.321807,0.007935
sp,1,47,MVTFHTNHGDIVIKTFDDKAPETVKNFLDYCREGFYNNTIFHRVING,,,45.000000,5516.694300,ppiB_FD,0.167000,5547.388403,0.086740,27.276129,0.088227,9.315527,0.003880
sp,1,47,MVTFHTNHGDIVIKTFDDKAPETVKNFLDYCREGFYNNTIFHRVING,,,45.000000,5516.694300,ppiB_Native_30C_kinetics,0.000000,5520.146116,0.021528,0.000000,0.000000,9.323544,0.005001
sp,1,47,MVTFHTNHGDIVIKTFDDKAPETVKNFLDYCREGFYNNTIFHRVING,,,45.000000,5516.694300,ppiB_Native_30C_kinetics,0.167000,5524.796696,0.137236,4.650579,0.138914,9.329948,0.000824
sp,1,47,MVTFHTNHGDIVIKTFDDKAPETVKNFLDYCREGFYNNTIFHRVING,,,45.000000,5516.694300,ppiB_Native_30C_kinetics,0.500000,5524.778128,0.132942,4.632012,0.134674,9.303937,0.004432
sp,1,47,MVTFHTNHGDIVIKTFDDKAPETVKNFLDYCREGFYNNTIFHRVING,,,45.000000,5516.694300,ppiB_Native_30C_kinetics,1.000000,5525.203944,0.136453,5.057828,0.138141,9.322773,0.002685
sp,1,47,MVTFHTNHGDIVIKTFDDKAPETVKNFLDYCREGFYNNTIFHRVING,,,45.000000,5516.694300,ppiB_Native_30C_kinetics,5.000000,5526.484914,0.051848,6.338798,0.056140,9.293438,0.001515
sp,1,47,MVTFHTNHGDIVIKTFDDKAPETVKNFLDYCREGFYNNTIFHRVING,,,45.000000,5516.694300,ppiB_Native_30C_kinetics,10.000000,5527.390817,0.032125,7.244700,0.038672,9.293375,0.000959
sp,1,47,MVTFHTNHGDIVIKTFDDKAPETVKNFLDYCREGFYNNTIFHRVING,,,45.000000,5516.694300,ppiB_Native_30C_kinetics,30.000002,5529.193060,0.078821,9.046943,0.081709,9.322342,0.003055
sp,1,48,MVTFHTNHGDIVIKTFDDKAPETVKNFLDYCREGFYNNTIFHRVINGF,,,46.000000,5663.762700,ppiB_FD,0.000000,5667.311617,0.025641,0.000000,0.000000,9.667300,0.007853
sp,1,48,MVTFHTNHGDIVIKTFDDKAPETVKNFLDYCREGFYNNTIFHRVINGF,,,46.000000,5663.762700,ppiB_FD,0.167000,5694.839216,0.224914,27.527599,0.226371,9.652382,0.002557
sp,1,48,MVTFHTNHGDIVIKTFDDKAPETVKNFLDYCREGFYNNTIFHRVINGF,,,46.000000,5663.762700,ppiB_Native_30C_kinetics,0.000000,5667.309968,0.017121,0.000000,0.000000,9.670667,0.004569
sp,1,48,MVTFHTNHGDIVIKTFDDKAPETVKNFLDYCREGFYNNTIFHRVINGF,,,46.000000,5663.762700,ppiB_Native_30C_kinetics,0.167000,5672.175532,0.076621,4.865564,0.078510,9.666336,0.001424
sp,1,48,MVTFHTNHGDIVIKTFDDKAPETVKNFLDYCREGFYNNTIFHRVINGF,,,46.000000,5663.762700,ppiB_Native_30C_kinetics,0.500000,5672.247984,0.174705,4.938016,0.175542,9.639884,0.003873
sp,1,48,MVTFHTNHGDIVIKTFDDKAPETVKNFLDYCREGFYNNTIFHRVINGF,,,46.000000,5663.762700,ppiB_Native_30C_kinetics,1.000000,5672.566339,0.188678,5.256371,0.189454,9.655634,0.008887
sp,1,48,MVTFHTNHGDIVIKTFDDKAPETVKNFLDYCREGFYNNTIFHRVINGF,,,46.000000,5663.762700,ppiB_Native_30C_kinetics,5.000000,5674.184899,0.104339,6.874931,0.105734,9.627245,0.002071
sp,1,48,MVTFHTNHGDIVIKTFDDKAPETVKNFLDYCREGFYNNTIFHRVINGF,,,46.000000,5663.762700,ppiB_Native_30C_kinetics,10.000000,5675.235994,0.020052,7.926026,0.026367,9.625729,0.001042
sp,1,48,MVTFHTNHGDIVIKTFDDKAPETVKNFLDYCREGFYNNTIFHRVINGF,,,46.000000,5663.762700,ppiB_Native_30C_kinetics,30.000002,5677.196785,0.069633,9.886817,0.071707,9.658640,0.008764
sp,2,30,VTFHTNHGDIVIKTFDDKAPETVKNFLDY,,,27.000000,3364.684800,ppiB_FD,0.000000,3366.692827,0.013758,0.000000,0.000000,7.934343,0.003863
sp,2,30,VTFHTNHGDIVIKTFDDKAPETVKNFLDY,,,27.000000,3364.684800,ppiB_FD,0.167000,3380.916662,0.060543,14.223835,0.062087,7.979363,0.001950
sp,2,30,VTFHTNHGDIVIKTFDDKAPETVKNFLDY,,,27.000000,3364.684800,ppiB_Native_30C_kinetics,0.000000,3366.678176,0.009019,0.000000,0.000000,7.936221,0.004790
sp,2,30,VTFHTNHGDIVIKTFDDKAPETVKNFLDY,,,27.000000,3364.684800,ppiB_Native_30C_kinetics,0.167000,3369.207057,0.057052,2.528881,0.057760,7.977566,0.005324
sp,2,30,VTFHTNHGDIVIKTFDDKAPETVKNFLDY,,,27.000000,3364.684800,ppiB_Native_30C_kinetics,0.500000,3369.379832,0.065792,2.701656,0.066407,7.946360,0.003674
sp,2,30,VTFHTNHGDIVIKTFDDKAPETVKNFLDY,,,27.000000,3364.684800,ppiB_Native_30C_kinetics,1.000000,3369.362837,0.072220,2.684661,0.072781,7.966522,0.009118
sp,2,30,VTFHTNHGDIVIKTFDDKAPETVKNFLDY,,,27.000000,3364.684800,ppiB_Native_30C_kinetics,5.000000,3370.037895,0.028010,3.359719,0.029426,7.944107,0.000740
sp,2,30,VTFHTNHGDIVIKTFDDKAPETVKNFLDY,,,27.000000,3364.684800,ppiB_Native_30C_kinetics,10.000000,3370.274226,0.013077,3.596050,0.015886,7.943313,0.001799
sp,2,30,VTFHTNHGDIVIKTFDDKAPETVKNFLDY,,,27.000000,3364.684800,ppiB_Native_30C_kinetics,30.000002,3370.687190,0.075916,4.009014,0.076450,7.972039,0.001803
sp,2,48,VTFHTNHGDIVIKTFDDKAPETVKNFLDYCREGFYNNTIFHRVINGF,,,45.000000,5532.722200,ppiB_FD,0.000000,5536.105794,0.049653,0.000000,0.000000,9.634053,0.009184
sp,2,48,VTFHTNHGDIVIKTFDDKAPETVKNFLDYCREGFYNNTIFHRVINGF,,,45.000000,5532.722200,ppiB_FD,0.167000,5563.476800,0.154993,27.371006,0.162752,9.620126,0.001163
sp,2,48,VTFHTNHGDIVIKTFDDKAPETVKNFLDYCREGFYNNTIFHRVINGF,,,45.000000,5532.722200,ppiB_Native_30C_kinetics,0.000000,5536.129939,0.048853,0.000000,0.000000,9.636436,0.003959
sp,2,48,VTFHTNHGDIVIKTFDDKAPETVKNFLDYCREGFYNNTIFHRVINGF,,,45.000000,5532.722200,ppiB_Native_30C_kinetics,0.167000,5540.985457,0.091452,4.855518,0.103683,9.631245,0.001835
sp,2,48,VTFHTNHGDIVIKTFDDKAPETVKNFLDYCREGFYNNTIFHRVINGF,,,45.000000,5532.722200,ppiB_Native_30C_kinetics,0.500000,5541.057620,0.222485,4.927681,0.227785,9.608975,0.003411
sp,2,48,VTFHTNHGDIVIKTFDDKAPETVKNFLDYCREGFYNNTIFHRVINGF,,,45.000000,5532.722200,ppiB_Native_30C_kinetics,1.000000,5541.405690,0.149650,5.275751,0.157422,9.626413,0.005203
sp,2,48,VTFHTNHGDIVIKTFDDKAPETVKNFLDYCREGFYNNTIFHRVINGF,,,45.000000,5532.722200,ppiB_Native_30C_kinetics,5.000000,5543.087454,0.107520,6.957515,0.118098,9.595932,0.003037
sp,2,48,VTFHTNHGDIVIKTFDDKAPETVKNFLDYCREGFYNNTIFHRVINGF,,,45.000000,5532.722200,ppiB_Native_30C_kinetics,10.000000,5544.038508,0.050000,7.908569,0.069904,9.594530,0.002286
sp,2,48,VTFHTNHGDIVIKTFDDKAPETVKNFLDYCREGFYNNTIFHRVINGF,,,45.000000,5532.722200,ppiB_Native_30C_kinetics,30.000002,5545.996497,0.043361,9.866558,0.065320,9.622264,0.001037
sp,16,28,FDDKAPETVKNFL,,,11.000000,1523.774000,ppiB_FD,0.000000,1524.701121,0.027813,0.000000,0.000000,7.530261,0.004119
sp,16,28,FDDKAPETVKNFL,,,11.000000,1523.774000,ppiB_FD,0.167000,1531.257034,0.013663,6.555913,0.030987,7.581012,0.001525
sp,16,28,FDDKAPETVKNFL,,,11.000000,1523.774000,ppiB_Native_30C_kinetics,0.000000,1524.710501,0.017184,0.000000,0.000000,7.529513,0.003898
sp,16,28,FDDKAPETVKNFL,,,11.000000,1523.774000,ppiB_Native_30C_kinetics,0.167000,1525.845809,0.041985,1.135308,0.045366,7.576144,0.004053
sp,16,28,FDDKAPETVKNFL,,,11.000000,1523.774000,ppiB_Native_30C_kinetics,0.500000,1525.904834,0.030130,1.194332,0.034686,7.555452,0.002964
sp,16,28,FDDKAPETVKNFL,,,11.000000,1523.774000,ppiB_Native_30C_kinetics,1.000000,1525.987375,0.053914,1.276874,0.056587,7.573276,0.002439
sp,16,28,FDDKAPETVKNFL,,,11.000000,1523.774000,ppiB_Native_30C_kinetics,5.000000,1526.465637,0.030602,1.755135,0.035097,7.546680,0.001014
sp,16,28,FDDKAPETVKNFL,,,11.000000,1523.774000,ppiB_Native_30C_kinetics,10.000000,1526.765114,0.017647,2.054612,0.024631,7.547573,0.000907
sp,16,28,FDDKAPETVKNFL,,,11.000000,1523.774000,ppiB_Native_30C_kinetics,30.000002,1527.178466,0.063678,2.467965,0.065956,7.582336,0.004529
sp,16,29,FDDKAPETVKNFLD,,,12.000000,1638.801000,ppiB_FD,0.000000,1639.806459,0.042353,0.000000,0.000000,7.355161,0.003117
sp,16,29,FDDKAPETVKNFLD,,,12.000000,1638.801000,ppiB_FD,0.167000,1647.354454,0.038130,7.547994,0.056989,7.388826,0.004482
sp,16,29,FDDKAPETVKNFLD,,,12.000000,1638.801000,ppiB_Native_30C_kinetics,0.000000,1639.772992,0.037995,0.000000,0.000000,7.354558,0.004585
sp,16,29,FDDKAPETVKNFLD,,,12.000000,1638.801000,ppiB_Native_30C_kinetics,0.167000,1641.015210,0.049667,1.242218,0.062534,7.404016,0.000469
sp,16,29,FDDKAPETVKNFLD,,,12.000000,1638.801000,ppiB_Native_30C_kinetics,0.500000,1641.028715,0.032109,1.255723,0.049745,7.381374,0.003053
sp,16,29,FDDKAPETVKNFLD,,,12.000000,1638.801000,ppiB_Native_30C_kinetics,1.000000,1641.073745,0.016991,1.300753,0.041621,7.402770,0.002933
sp,16,29,FDDKAPETVKNFLD,,,12.000000,1638.801000,ppiB_Native_30C_kinetics,5.000000,1641.508107,0.018067,1.735115,0.042072,7.375324,0.001295
sp,16,29,FDDKAPETVKNFLD,,,12.000000,1638.801000,ppiB_Native_30C_kinetics,10.000000,1641.817122,0.066076,2.044130,0.076221,7.375782,0.000428
sp,16,29,FDDKAPETVKNFLD,,,12.000000,1638.801000,ppiB_Native_30C_kinetics,30.000002,1642.422873,0.057994,2.649881,0.069332,7.404469,0.005310
sp,16,30,FDDKAPETVKNFLDY,,,13.000000,1801.864300,ppiB_FD,0.000000,1802.939671,0.013031,0.000000,0.000000,8.057919,0.003066
sp,16,30,FDDKAPETVKNFLDY,,,13.000000,1801.864300,ppiB_FD,0.167000,1810.963661,0.062945,8.023990,0.064280,8.111396,0.001748
sp,16,30,FDDKAPETVKNFLDY,,,13.000000,1801.864300,ppiB_Native_30C_kinetics,0.000000,1802.941732,0.015800,0.000000,0.000000,8.060420,0.004928
sp,16,30,FDDKAPETVKNFLDY,,,13.000000,1801.864300,ppiB_Native_30C_kinetics,0.167000,1804.226113,0.045336,1.284381,0.048010,8.112569,0.006359
sp,16,30,FDDKAPETVKNFLDY,,,13.000000,1801.864300,ppiB_Native_30C_kinetics,0.500000,1804.246806,0.015951,1.305074,0.022452,8.082670,0.002431
sp,16,30,FDDKAPETVKNFLDY,,,13.000000,1801.864300,ppiB_Native_30C_kinetics,1.000000,1804.303714,0.026697,1.361982,0.031022,8.106412,0.003346
sp,16,30,FDDKAPETVKNFLDY,,,13.000000,1801.864300,ppiB_Native_30C_kinetics,5.000000,1804.789406,0.007957,1.847674,0.017691,8.079460,0.001074
sp,16,30,FDDKAPETVKNFLDY,,,13.000000,1801.864300,ppiB_Native_30C_kinetics,10.000000,1805.101860,0.013212,2.160128,0.020596,8.080472,0.001671
sp,16,30,FDDKAPETVKNFLDY,,,13.000000,1801.864300,ppiB_Native_30C_kinetics,30.000002,1805.569659,0.012908,2.627926,0.020403,8.110506,0.004410
sp,16,41,FDDKAPETVKNFLDYCREGFYNNTIF,,,24.000000,3146.456400,ppiB_FD,0.000000,3148.401619,0.052976,0.000000,0.000000,9.905336,0.007391
sp,16,41,FDDKAPETVKNFLDYCREGFYNNTIF,,,24.000000,3146.456400,ppiB_FD,0.167000,3165.646103,0.050364,17.244484,0.073096,9.903531,0.002923
sp,16,41,FDDKAPETVKNFLDYCREGFYNNTIF,,,24.000000,3146.456400,ppiB_Native_30C_kinetics,0.000000,3148.426171,0.041618,0.000000,0.000000,9.907959,0.004274
sp,16,41,FDDKAPETVKNFLDYCREGFYNNTIF,,,24.000000,3146.456400,ppiB_Native_30C_kinetics,0.167000,3150.675470,0.038465,2.249299,0.056671,9.917590,0.004095
sp,16,41,FDDKAPETVKNFLDYCREGFYNNTIF,,,24.000000,3146.456400,ppiB_Native_30C_kinetics,0.500000,3150.640944,0.126905,2.214772,0.133555,9.894634,0.002157
sp,16,41,FDDKAPETVKNFLDYCREGFYNNTIF,,,24.000000,3146.456400,ppiB_Native_30C_kinetics,1.000000,3150.893171,0.092792,2.467000,0.101697,9.912378,0.005800
sp,16,41,FDDKAPETVKNFLDYCREGFYNNTIF,,,24.000000,3146.456400,ppiB_Native_30C_kinetics,5.000000,3151.766454,0.029843,3.340283,0.051212,9.882301,0.001577
sp,16,41,FDDKAPETVKNFLDYCREGFYNNTIF,,,24.000000,3146.456400,ppiB_Native_30C_kinetics,10.000000,3152.390548,0.088678,3.964377,0.097958,9.881446,0.001633
sp,16,41,FDDKAPETVKNFLDYCREGFYNNTIF,,,24.000000,3146.456400,ppiB_Native_30C_kinetics,30.000002,3153.547135,0.057248,5.120964,0.070777,9.911200,0.003033
sp,27,41,FLDYCREGFYNNTIF,,,14.000000,1901.852700,ppiB_FD,0.000000,1903.040870,0.026019,0.000000,0.000000,9.475553,0.005210
sp,27,41,FLDYCREGFYNNTIF,,,14.000000,1901.852700,ppiB_FD,0.167000,1911.500075,0.014395,8.459206,0.029736,9.539853,0.001759
sp,27,41,FLDYCREGFYNNTIF,,,14.000000,1901.852700,ppiB_Native_30C_kinetics,0.000000,1903.038088,0.007787,0.000000,0.000000,9.474508,0.003817
sp,27,41,FLDYCREGFYNNTIF,,,14.000000,1901.852700,ppiB_Native_30C_kinetics,0.167000,1904.082321,0.067273,1.044233,0.067722,9.514889,0.002232
sp,27,41,FLDYCREGFYNNTIF,,,14.000000,1901.852700,ppiB_Native_30C_kinetics,0.500000,1904.022400,0.063218,0.984312,0.063696,9.491155,0.002002
sp,27,41,FLDYCREGFYNNTIF,,,14.000000,1901.852700,ppiB_Native_30C_kinetics,1.000000,1904.223724,0.047144,1.185636,0.047783,9.509909,0.001785
sp,27,41,FLDYCREGFYNNTIF,,,14.000000,1901.852700,ppiB_Native_30C_kinetics,5.000000,1904.571804,0.064039,1.533716,0.064511,9.486517,0.001993
sp,27,41,FLDYCREGFYNNTIF,,,14.000000,1901.852700,ppiB_Native_30C_kinetics,10.000000,1904.941521,0.070747,1.903433,0.071174,9.486585,0.001802
sp,27,41,FLDYCREGFYNNTIF,,,14.000000,1901.852700,ppiB_Native_30C_kinetics,30.000002,1905.463016,0.044029,2.424928,0.044713,9.516615,0.003170
sp,29,41,DYCREGFYNNTIF,,,12.000000,1641.700200,ppiB_FD,0.000000,1642.730067,0.014156,0.000000,0.000000,8.740660,0.005103
sp,29,41,DYCREGFYNNTIF,,,12.000000,1641.700200,ppiB_FD,0.167000,1650.120122,0.031752,7.390054,0.034765,8.806521,0.002439
sp,29,41,DYCREGFYNNTIF,,,12.000000,1641.700200,ppiB_Native_30C_kinetics,0.000000,1642.702463,0.043021,0.000000,0.000000,8.739439,0.003936
sp,29,41,DYCREGFYNNTIF,,,12.000000,1641.700200,ppiB_Native_30C_kinetics,0.167000,1643.640065,0.022748,0.937602,0.048665,8.793029,0.004260
sp,29,41,DYCREGFYNNTIF,,,12.000000,1641.700200,ppiB_Native_30C_kinetics,0.500000,1643.677685,0.042906,0.975222,0.060760,8.766431,0.003077
sp,29,41,DYCREGFYNNTIF,,,12.000000,1641.700200,ppiB_Native_30C_kinetics,1.000000,1643.938300,0.045538,1.235837,0.062646,8.788556,0.006563
sp,29,41,DYCREGFYNNTIF,,,12.000000,1641.700200,ppiB_Native_30C_kinetics,5.000000,1644.041089,0.009305,1.338626,0.044016,8.760629,0.002774
sp,29,41,DYCREGFYNNTIF,,,12.000000,1641.700200,ppiB_Native_30C_kinetics,10.000000,1644.214126,0.009357,1.511662,0.044027,8.762814,0.001185
sp,29,41,DYCREGFYNNTIF,,,12.000000,1641.700200,ppiB_Native_30C_kinetics,30.000002,1644.942845,0.022879,2.240381,0.048726,8.792552,0.002763
sp,29,48,DYCREGFYNNTIFHRVINGF,,,19.000000,2465.145500,ppiB_FD,0.000000,2466.661838,0.013202,0.000000,0.000000,8.739836,0.006055
sp,29,48,DYCREGFYNNTIFHRVINGF,,,19.000000,2465.145500,ppiB_FD,0.167000,2477.954518,0.020660,11.292680,0.024518,8.760680,0.000899
sp,29,48,DYCREGFYNNTIFHRVINGF,,,19.000000,2465.145500,ppiB_Native_30C_kinetics,0.000000,2466.688288,0.025895,0.000000,0.000000,8.739918,0.003587
sp,29,48,DYCREGFYNNTIFHRVINGF,,,19.000000,2465.145500,ppiB_Native_30C_kinetics,0.167000,2469.170038,0.029149,2.481750,0.038990,8.772981,0.003706
sp,29,48,DYCREGFYNNTIFHRVINGF,,,19.000000,2465.145500,ppiB_Native_30C_kinetics,0.500000,2469.321336,0.084336,2.633048,0.088222,8.745436,0.003000
sp,29,48,DYCREGFYNNTIFHRVINGF,,,19.000000,2465.145500,ppiB_Native_30C_kinetics,1.000000,2469.543177,0.026990,2.854889,0.037403,8.769506,0.007445
sp,29,48,DYCREGFYNNTIFHRVINGF,,,19.000000,2465.145500,ppiB_Native_30C_kinetics,5.000000,2470.379481,0.054906,3.691193,0.060706,8.735909,0.001414
sp,29,48,DYCREGFYNNTIFHRVINGF,,,19.000000,2465.145500,ppiB_Native_30C_kinetics,10.000000,2471.057402,0.036033,4.369114,0.044373,8.735296,0.000607
sp,29,48,DYCREGFYNNTIFHRVINGF,,,19.000000,2465.145500,ppiB_Native_30C_kinetics,30.000002,2472.478199,0.050412,5.789911,0.056674,8.760795,0.003395
sp,30,41,YCREGFYNNTIF,,,11.000000,1526.673300,ppiB_FD,0.000000,1527.638085,0.008157,0.000000,0.000000,8.519539,0.004891
sp,30,41,YCREGFYNNTIF,,,11.000000,1526.673300,ppiB_FD,0.167000,1534.172335,0.018017,6.534250,0.019778,8.591607,0.001915
sp,30,41,YCREGFYNNTIF,,,11.000000,1526.673300,ppiB_Native_30C_kinetics,0.000000,1527.633290,0.009263,0.000000,0.000000,8.518960,0.004697
sp,30,41,YCREGFYNNTIF,,,11.000000,1526.673300,ppiB_Native_30C_kinetics,0.167000,1528.454408,0.015163,0.821119,0.017768,8.577013,0.003146
sp,30,41,YCREGFYNNTIF,,,11.000000,1526.673300,ppiB_Native_30C_kinetics,0.500000,1528.534095,0.030445,0.900806,0.031823,8.545502,0.002182
sp,30,41,YCREGFYNNTIF,,,11.000000,1526.673300,ppiB_Native_30C_kinetics,1.000000,1528.761093,0.023426,1.127804,0.025191,8.573994,0.002111
sp,30,41,YCREGFYNNTIF,,,11.000000,1526.673300,ppiB_Native_30C_kinetics,5.000000,1529.055753,0.014760,1.422463,0.017426,8.543417,0.002482
sp,30,41,YCREGFYNNTIF,,,11.000000,1526.673300,ppiB_Native_30C_kinetics,10.000000,1529.299992,0.018145,1.666702,0.020373,8.545191,0.000689
sp,30,41,YCREGFYNNTIF,,,11.000000,1526.673300,ppiB_Native_30C_kinetics,30.000002,1529.873171,0.043109,2.239881,0.044093,8.576160,0.004561
sp,31,41,CREGFYNNTIF,,,10.000000,1363.609900,ppiB_FD,0.000000,1364.407179,0.017676,0.000000,0.000000,8.335823,0.002883
sp,31,41,CREGFYNNTIF,,,10.000000,1363.609900,ppiB_FD,0.167000,1370.525241,0.010060,6.118062,0.020338,8.416005,0.002449
sp,31,41,CREGFYNNTIF,,,10.000000,1363.609900,ppiB_Native_30C_kinetics,0.000000,1364.414820,0.015735,0.000000,0.000000,8.338409,0.005699
sp,31,41,CREGFYNNTIF,,,10.000000,1363.609900,ppiB_Native_30C_kinetics,0.167000,1365.182576,0.024853,0.767756,0.029416,8.396373,0.004915
sp,31,41,CREGFYNNTIF,,,10.000000,1363.609900,ppiB_Native_30C_kinetics,0.500000,1365.262513,0.033339,0.847693,0.036866,8.366723,0.004389
sp,31,41,CREGFYNNTIF,,,10.000000,1363.609900,ppiB_Native_30C_kinetics,1.000000,1365.493250,0.056248,1.078430,0.058407,8.397108,0.001592
sp,31,41,CREGFYNNTIF,,,10.000000,1363.609900,ppiB_Native_30C_kinetics,5.000000,1365.852900,0.021412,1.438080,0.026572,8.368892,0.003401
sp,31,41,CREGFYNNTIF,,,10.000000,1363.609900,ppiB_Native_30C_kinetics,10.000000,1366.043651,0.025865,1.628831,0.030275,8.369387,0.001441
sp,31,41,CREGFYNNTIF,,,10.000000,1363.609900,ppiB_Native_30C_kinetics,30.000002,1366.551625,0.018931,2.136804,0.024617,8.398580,0.005647
sp,31,47,CREGFYNNTIFHRVING,,,16.000000,2039.986800,ppiB_FD,0.000000,2041.248571,0.007901,0.000000,0.000000,7.350293,0.004106
sp,31,47,CREGFYNNTIFHRVING,,,16.000000,2039.986800,ppiB_FD,0.167000,2050.716578,0.031414,9.468007,0.032392,7.401920,0.003122
sp,31,47,CREGFYNNTIFHRVING,,,16.000000,2039.986800,ppiB_Native_30C_kinetics,0.000000,2041.245115,0.015224,0.000000,0.000000,7.350352,0.004301
sp,31,47,CREGFYNNTIFHRVING,,,16.000000,2039.986800,ppiB_Native_30C_kinetics,0.167000,2043.452883,0.022162,2.207768,0.026887,7.396038,0.001075
sp,31,47,CREGFYNNTIFHRVING,,,16.000000,2039.986800,ppiB_Native_30C_kinetics,0.500000,2043.628987,0.040723,2.383872,0.043475,7.370049,0.005770
sp,31,47,CREGFYNNTIFHRVING,,,16.000000,2039.986800,ppiB_Native_30C_kinetics,1.000000,2043.702487,0.055598,2.457372,0.057645,7.399134,0.001212
sp,31,47,CREGFYNNTIFHRVING,,,16.000000,2039.986800,ppiB_Native_30C_kinetics,5.000000,2044.497883,0.070745,3.252768,0.072364,7.360943,0.001947
sp,31,47,CREGFYNNTIFHRVING,,,16.000000,2039.986800,ppiB_Native_30C_kinetics,10.000000,2044.981535,0.018390,3.736420,0.023874,7.361089,0.000499
sp,31,47,CREGFYNNTIFHRVING,,,16.000000,2039.986800,ppiB_Native_30C_kinetics,30.000002,2046.028840,0.049105,4.783725,0.051411,7.391609,0.007354
sp,31,48,CREGFYNNTIFHRVINGF,,,17.000000,2187.055300,ppiB_FD,0.000000,2188.428081,0.012229,0.000000,0.000000,8.376954,0.008039
sp,31,48,CREGFYNNTIFHRVINGF,,,17.000000,2187.055300,ppiB_FD,0.167000,2198.106572,0.020424,9.678491,0.023805,8.407442,0.002502
sp,31,48,CREGFYNNTIFHRVINGF,,,17.000000,2187.055300,ppiB_Native_30C_kinetics,0.000000,2188.455189,0.054617,0.000000,0.000000,8.384112,0.015481
sp,31,48,CREGFYNNTIFHRVINGF,,,17.000000,2187.055300,ppiB_Native_30C_kinetics,0.167000,2190.730509,0.009740,2.275320,0.055479,8.425160,0.003936
sp,31,48,CREGFYNNTIFHRVINGF,,,17.000000,2187.055300,ppiB_Native_30C_kinetics,0.500000,2190.893128,0.022096,2.437939,0.058917,8.420958,0.021414
sp,31,48,CREGFYNNTIFHRVINGF,,,17.000000,2187.055300,ppiB_Native_30C_kinetics,1.000000,2191.056628,0.025884,2.601439,0.060440,8.434961,0.004747
sp,31,48,CREGFYNNTIFHRVINGF,,,17.000000,2187.055300,ppiB_Native_30C_kinetics,5.000000,2191.832080,0.029467,3.376892,0.062059,8.395658,0.001622
sp,31,48,CREGFYNNTIFHRVINGF,,,17.000000,2187.055300,ppiB_Native_30C_kinetics,10.000000,2192.475042,0.044204,4.019854,0.070264,8.396616,0.002268
sp,31,48,CREGFYNNTIFHRVINGF,,,17.000000,2187.055300,ppiB_Native_30C_kinetics,30.000002,2193.652720,0.037941,5.197531,0.066502,8.425483,0.000921
sp,32,41,REGFYNNTIF,,,9.000000,1260.600800,ppiB_FD,0.000000,1261.309149,0.015623,0.000000,0.000000,8.280093,0.004898
sp,32,41,REGFYNNTIF,,,9.000000,1260.600800,ppiB_FD,0.167000,1266.465275,0.019031,5.156127,0.024622,8.349262,0.001614
sp,32,41,REGFYNNTIF,,,9.000000,1260.600800,ppiB_Native_30C_kinetics,0.000000,1261.348678,0.012238,0.000000,0.000000,8.279184,0.004270
sp,32,41,REGFYNNTIF,,,9.000000,1260.600800,ppiB_Native_30C_kinetics,0.167000,1262.000166,0.032961,0.651488,0.035159,8.335334,0.004396
sp,32,41,REGFYNNTIF,,,9.000000,1260.600800,ppiB_Native_30C_kinetics,0.500000,1262.116131,0.052983,0.767453,0.054378,8.306393,0.002392
sp,32,41,REGFYNNTIF,,,9.000000,1260.600800,ppiB_Native_30C_kinetics,1.000000,1262.231435,0.037604,0.882757,0.039545,8.328256,0.002747
sp,32,41,REGFYNNTIF,,,9.000000,1260.600800,ppiB_Native_30C_kinetics,5.000000,1262.347390,0.025767,0.998712,0.028525,8.303976,0.002401
sp,32,41,REGFYNNTIF,,,9.000000,1260.600800,ppiB_Native_30C_kinetics,10.000000,1262.550400,0.047441,1.201722,0.048995,8.304713,0.001184
sp,32,41,REGFYNNTIF,,,9.000000,1260.600800,ppiB_Native_30C_kinetics,30.000002,1262.961909,0.046434,1.613231,0.048020,8.335010,0.005790
sp,36,47,YNNTIFHRVING,,,11.000000,1447.744100,ppiB_FD,0.000000,1448.599233,0.022375,0.000000,0.000000,6.806796,0.004733
sp,36,47,YNNTIFHRVING,,,11.000000,1447.744100,ppiB_FD,0.167000,1454.928838,0.019148,6.329605,0.029450,6.859295,0.001255
sp,36,47,YNNTIFHRVING,,,11.000000,1447.744100,ppiB_Native_30C_kinetics,0.000000,1448.592269,0.015803,0.000000,0.000000,6.806764,0.004206
sp,36,47,YNNTIFHRVING,,,11.000000,1447.744100,ppiB_Native_30C_kinetics,0.167000,1450.276428,0.025259,1.684159,0.029796,6.856720,0.005812
sp,36,47,YNNTIFHRVING,,,11.000000,1447.744100,ppiB_Native_30C_kinetics,0.500000,1450.399943,0.041605,1.807674,0.044505,6.835917,0.002884
sp,36,47,YNNTIFHRVING,,,11.000000,1447.744100,ppiB_Native_30C_kinetics,1.000000,1450.342483,0.037132,1.750214,0.040355,6.852925,0.003191
sp,36,47,YNNTIFHRVING,,,11.000000,1447.744100,ppiB_Native_30C_kinetics,5.000000,1450.832331,0.012504,2.240062,0.020152,6.826309,0.000531
sp,36,47,YNNTIFHRVING,,,11.000000,1447.744100,ppiB_Native_30C_kinetics,10.000000,1451.219821,0.019095,2.627552,0.024787,6.826622,0.001946
sp,36,47,YNNTIFHRVING,,,11.000000,1447.744100,ppiB_Native_30C_kinetics,30.000002,1451.867377,0.041581,3.275108,0.044483,6.850997,0.004849
sp,36,48,YNNTIFHRVINGF,,,12.000000,1594.812500,ppiB_FD,0.000000,1595.779616,0.019592,0.000000,0.000000,8.134503,0.004314
sp,36,48,YNNTIFHRVINGF,,,12.000000,1594.812500,ppiB_FD,0.167000,1602.888121,0.039631,7.108505,0.044209,8.169884,0.001637
sp,36,48,YNNTIFHRVINGF,,,12.000000,1594.812500,ppiB_Native_30C_kinetics,0.000000,1595.766171,0.022948,0.000000,0.000000,8.134469,0.004298
sp,36,48,YNNTIFHRVINGF,,,12.000000,1594.812500,ppiB_Native_30C_kinetics,0.167000,1597.655946,0.003229,1.889775,0.023174,8.176869,0.004308
sp,36,48,YNNTIFHRVINGF,,,12.000000,1594.812500,ppiB_Native_30C_kinetics,0.500000,1597.770391,0.031556,2.004219,0.039018,8.151136,0.002684
sp,36,48,YNNTIFHRVINGF,,,12.000000,1594.812500,ppiB_Native_30C_kinetics,1.000000,1597.729512,0.055952,1.963340,0.060475,8.173509,0.004088
sp,36,48,YNNTIFHRVINGF,,,12.000000,1594.812500,ppiB_Native_30C_kinetics,5.000000,1598.328875,0.031179,2.562703,0.038714,8.144018,0.001442
sp,36,48,YNNTIFHRVINGF,,,12.000000,1594.812500,ppiB_Native_30C_kinetics,10.000000,1598.831018,0.003695,3.064847,0.023244,8.143621,0.001519
sp,36,48,YNNTIFHRVINGF,,,12.000000,1594.812500,ppiB_Native_30C_kinetics,30.000002,1599.667099,0.036231,3.900927,0.042887,8.170238,0.005478
sp,36,66,YNNTIFHRVINGFMIQGGGFEPGMKQKATKE,Oxidation M (24),,29.000000,3528.751500,ppiB_FD,0.000000,3530.951528,0.022043,0.000000,0.000000,7.680386,0.004676
sp,36,66,YNNTIFHRVINGFMIQGGGFEPGMKQKATKE,Oxidation M (24),,29.000000,3528.751500,ppiB_FD,0.167000,3548.347901,0.154844,17.396374,0.156406,7.695295,0.002141
sp,36,66,YNNTIFHRVINGFMIQGGGFEPGMKQKATKE,Oxidation M (24),,29.000000,3528.751500,ppiB_Native_30C_kinetics,0.000000,3530.938987,0.035598,0.000000,0.000000,7.682337,0.004333
sp,36,66,YNNTIFHRVINGFMIQGGGFEPGMKQKATKE,Oxidation M (24),,29.000000,3528.751500,ppiB_Native_30C_kinetics,0.167000,3536.525892,0.065416,5.586904,0.074475,7.718120,0.002271
sp,36,66,YNNTIFHRVINGFMIQGGGFEPGMKQKATKE,Oxidation M (24),,29.000000,3528.751500,ppiB_Native_30C_kinetics,0.500000,3537.149063,0.193179,6.210076,0.196431,7.682523,0.006230
sp,36,66,YNNTIFHRVINGFMIQGGGFEPGMKQKATKE,Oxidation M (24),,29.000000,3528.751500,ppiB_Native_30C_kinetics,1.000000,3537.145897,0.064665,6.206910,0.073816,7.706190,0.006814
sp,36,66,YNNTIFHRVINGFMIQGGGFEPGMKQKATKE,Oxidation M (24),,29.000000,3528.751500,ppiB_Native_30C_kinetics,5.000000,3538.941759,0.079743,8.002772,0.087328,7.671146,0.001136
sp,36,66,YNNTIFHRVINGFMIQGGGFEPGMKQKATKE,Oxidation M (24),,29.000000,3528.751500,ppiB_Native_30C_kinetics,10.000000,3540.038378,0.029236,9.099391,0.046065,7.669664,0.000209
sp,36,66,YNNTIFHRVINGFMIQGGGFEPGMKQKATKE,Oxidation M (24),,29.000000,3528.751500,ppiB_Native_30C_kinetics,30.000002,3541.308842,0.158374,10.369855,0.162326,7.699922,0.002569
sp,42,48,HRVINGF,,,6.000000,842.463100,ppiB_FD,0.000000,842.915476,0.016369,0.000000,0.000000,5.815549,0.002904
sp,42,48,HRVINGF,,,6.000000,842.463100,ppiB_FD,0.167000,846.053835,0.007301,3.138359,0.017923,5.924414,0.000771
sp,42,48,HRVINGF,,,6.000000,842.463100,ppiB_Native_30C_kinetics,0.000000,842.918055,0.017543,0.000000,0.000000,5.819621,0.006298
sp,42,48,HRVINGF,,,6.000000,842.463100,ppiB_Native_30C_kinetics,0.167000,844.157559,0.012316,1.239504,0.021434,5.896919,0.004595
sp,42,48,HRVINGF,,,6.000000,842.463100,ppiB_Native_30C_kinetics,0.500000,844.289882,0.024466,1.371827,0.030105,5.864756,0.004475
sp,42,48,HRVINGF,,,6.000000,842.463100,ppiB_Native_30C_kinetics,1.000000,844.225490,0.024439,1.307436,0.030084,5.891101,0.004525
sp,42,48,HRVINGF,,,6.000000,842.463100,ppiB_Native_30C_kinetics,5.000000,844.655567,0.006192,1.737513,0.018603,5.863674,0.002566
sp,42,48,HRVINGF,,,6.000000,842.463100,ppiB_Native_30C_kinetics,10.000000,844.966240,0.002418,2.048186,0.017709,5.864171,0.001750
sp,42,48,HRVINGF,,,6.000000,842.463100,ppiB_Native_30C_kinetics,30.000002,845.580438,0.047323,2.662383,0.050470,5.892860,0.004336
sp,42,49,HRVINGFM,,,7.000000,973.503600,ppiB_FD,0.000000,974.164897,0.026617,0.000000,0.000000,6.602279,0.003943
sp,42,49,HRVINGFM,,,7.000000,973.503600,ppiB_FD,0.167000,977.705922,0.028686,3.541025,0.039132,6.674956,0.002073
sp,42,49,HRVINGFM,,,7.000000,973.503600,ppiB_Native_30C_kinetics,0.000000,974.154343,0.015147,0.000000,0.000000,6.603715,0.004461
sp,42,49,HRVINGFM,,,7.000000,973.503600,ppiB_Native_30C_kinetics,0.167000,975.458907,0.021097,1.304564,0.025972,6.664028,0.003764
sp,42,49,HRVINGFM,,,7.000000,973.503600,ppiB_Native_30C_kinetics,0.500000,975.603171,0.034285,1.448828,0.037482,6.640268,0.001813
sp,42,49,HRVINGFM,,,7.000000,973.503600,ppiB_Native_30C_kinetics,1.000000,975.541672,0.024570,1.387329,0.028864,6.658642,0.002898
sp,42,49,HRVINGFM,,,7.000000,973.503600,ppiB_Native_30C_kinetics,5.000000,976.027832,0.033467,1.873489,0.036735,6.635057,0.001321
sp,42,49,HRVINGFM,,,7.000000,973.503600,ppiB_Native_30C_kinetics,10.000000,976.395402,0.009927,2.241060,0.018110,6.636987,0.000828
sp,42,49,HRVINGFM,,,7.000000,973.503600,ppiB_Native_30C_kinetics,30.000002,977.113883,0.049646,2.959541,0.051905,6.664542,0.001195
sp,45,94,INGFMIQGGGFEPGMKQKATKEPIKNEANNGLKNTRGTLAMARTQAPHSA,Oxidation M (5),,46.000000,5326.699400,ppiB_FD,0.000000,5329.998371,0.025344,0.000000,0.000000,5.878691,0.006262
sp,45,94,INGFMIQGGGFEPGMKQKATKEPIKNEANNGLKNTRGTLAMARTQAPHSA,Oxidation M (5),,46.000000,5326.699400,ppiB_FD,0.167000,5360.722225,0.087586,30.723854,0.091179,5.946865,0.001953
sp,45,94,INGFMIQGGGFEPGMKQKATKEPIKNEANNGLKNTRGTLAMARTQAPHSA,Oxidation M (5),,46.000000,5326.699400,ppiB_Native_30C_kinetics,0.000000,5329.998336,0.028461,0.000000,0.000000,5.880067,0.005152
sp,45,94,INGFMIQGGGFEPGMKQKATKEPIKNEANNGLKNTRGTLAMARTQAPHSA,Oxidation M (5),,46.000000,5326.699400,ppiB_Native_30C_kinetics,0.167000,5341.266173,0.095388,11.267837,0.099543,5.930469,0.006810
sp,45,94,INGFMIQGGGFEPGMKQKATKEPIKNEANNGLKNTRGTLAMARTQAPHSA,Oxidation M (5),,46.000000,5326.699400,ppiB_Native_30C_kinetics,0.500000,5343.060849,0.283871,13.062513,0.285294,5.898577,0.002658
sp,45,94,INGFMIQGGGFEPGMKQKATKEPIKNEANNGLKNTRGTLAMARTQAPHSA,Oxidation M (5),,46.000000,5326.699400,ppiB_Native_30C_kinetics,1.000000,5343.403438,0.349553,13.405102,0.350710,5.920767,0.007537
sp,45,94,INGFMIQGGGFEPGMKQKATKEPIKNEANNGLKNTRGTLAMARTQAPHSA,Oxidation M (5),,46.000000,5326.699400,ppiB_Native_30C_kinetics,5.000000,5347.179906,0.198332,17.181570,0.200364,5.879039,0.000500
sp,45,94,INGFMIQGGGFEPGMKQKATKEPIKNEANNGLKNTRGTLAMARTQAPHSA,Oxidation M (5),,46.000000,5326.699400,ppiB_Native_30C_kinetics,10.000000,5348.382706,0.216353,18.384370,0.218217,5.880895,0.003962
sp,45,94,INGFMIQGGGFEPGMKQKATKEPIKNEANNGLKNTRGTLAMARTQAPHSA,Oxidation M (5),,46.000000,5326.699400,ppiB_Native_30C_kinetics,30.000002,5350.056118,0.091323,20.057782,0.095655,5.915840,0.005622
sp,46,66,NGFMIQGGGFEPGMKQKATKE,,,19.000000,2255.094700,ppiB_FD,0.000000,2256.334712,0.039703,0.000000,0.000000,6.233202,0.005350
sp,46,66,NGFMIQGGGFEPGMKQKATKE,,,19.000000,2255.094700,ppiB_FD,0.167000,2263.708107,0.011402,7.373394,0.041307,6.295267,0.003651
sp,46,66,NGFMIQGGGFEPGMKQKATKE,,,19.000000,2255.094700,ppiB_Native_30C_kinetics,0.000000,2256.386867,0.027823,0.000000,0.000000,6.235492,0.005342
sp,46,66,NGFMIQGGGFEPGMKQKATKE,,,19.000000,2255.094700,ppiB_Native_30C_kinetics,0.167000,2260.268633,0.108023,3.881766,0.111548,6.278980,0.007823
sp,46,66,NGFMIQGGGFEPGMKQKATKE,,,19.000000,2255.094700,ppiB_Native_30C_kinetics,0.500000,2260.468605,0.044975,4.081737,0.052885,6.254318,0.004673
sp,46,66,NGFMIQGGGFEPGMKQKATKE,,,19.000000,2255.094700,ppiB_Native_30C_kinetics,1.000000,2260.134520,0.066684,3.747653,0.072255,6.278077,0.002874
sp,46,66,NGFMIQGGGFEPGMKQKATKE,,,19.000000,2255.094700,ppiB_Native_30C_kinetics,5.000000,2260.405759,0.080649,4.018892,0.085313,6.247989,0.000979
sp,46,66,NGFMIQGGGFEPGMKQKATKE,,,19.000000,2255.094700,ppiB_Native_30C_kinetics,10.000000,2260.325047,0.115326,3.938179,0.118635,6.256245,0.004237
sp,46,66,NGFMIQGGGFEPGMKQKATKE,,,19.000000,2255.094700,ppiB_Native_30C_kinetics,30.000002,2260.537346,0.053311,4.150478,0.060134,6.281200,0.005621
sp,48,98,FMIQGGGFEPGMKQKATKEPIKNEANNGLKNTRGTLAMARTQAPHSATAQF,,,47.000000,5473.767800,ppiB_FD,0.000000,5477.205080,0.008186,0.000000,0.000000,6.201591,0.005549
sp,48,98,FMIQGGGFEPGMKQKATKEPIKNEANNGLKNTRGTLAMARTQAPHSATAQF,,,47.000000,5473.767800,ppiB_FD,0.167000,5508.497766,0.041866,31.292687,0.042659,6.274494,0.002550
sp,48,98,FMIQGGGFEPGMKQKATKEPIKNEANNGLKNTRGTLAMARTQAPHSATAQF,,,47.000000,5473.767800,ppiB_Native_30C_kinetics,0.000000,5477.182691,0.011829,0.000000,0.000000,6.199730,0.003770
sp,48,98,FMIQGGGFEPGMKQKATKEPIKNEANNGLKNTRGTLAMARTQAPHSATAQF,,,47.000000,5473.767800,ppiB_Native_30C_kinetics,0.167000,5488.526586,0.017406,11.343895,0.021045,6.253489,0.005105
sp,48,98,FMIQGGGFEPGMKQKATKEPIKNEANNGLKNTRGTLAMARTQAPHSATAQF,,,47.000000,5473.767800,ppiB_Native_30C_kinetics,0.500000,5490.029296,0.075925,12.846605,0.076841,6.224026,0.002391
sp,48,98,FMIQGGGFEPGMKQKATKEPIKNEANNGLKNTRGTLAMARTQAPHSATAQF,,,47.000000,5473.767800,ppiB_Native_30C_kinetics,1.000000,5490.717274,0.056032,13.534583,0.057267,6.253120,7.583225E-5
sp,48,98,FMIQGGGFEPGMKQKATKEPIKNEANNGLKNTRGTLAMARTQAPHSATAQF,,,47.000000,5473.767800,ppiB_Native_30C_kinetics,5.000000,5494.314970,0.069392,17.132278,0.070393,6.215258,0.001147
sp,48,98,FMIQGGGFEPGMKQKATKEPIKNEANNGLKNTRGTLAMARTQAPHSATAQF,,,47.000000,5473.767800,ppiB_Native_30C_kinetics,10.000000,5495.463194,0.038002,18.280503,0.039801,6.218402,0.001030
sp,48,98,FMIQGGGFEPGMKQKATKEPIKNEANNGLKNTRGTLAMARTQAPHSATAQF,,,47.000000,5473.767800,ppiB_Native_30C_kinetics,30.000002,5497.058428,0.087393,19.875737,0.088189,6.245933,0.006942
sp,49,85,MIQGGGFEPGMKQKATKEPIKNEANNGLKNTRGTLAM,,,34.000000,3960.025200,ppiB_FD,0.000000,3962.530013,0.019557,0.000000,0.000000,5.706213,0.004359
sp,49,85,MIQGGGFEPGMKQKATKEPIKNEANNGLKNTRGTLAM,,,34.000000,3960.025200,ppiB_FD,0.167000,3984.804186,0.097727,22.274173,0.099664,5.793481,0.001080
sp,49,85,MIQGGGFEPGMKQKATKEPIKNEANNGLKNTRGTLAM,,,34.000000,3960.025200,ppiB_Native_30C_kinetics,0.000000,3962.534072,0.015362,0.000000,0.000000,5.708369,0.005204
sp,49,85,MIQGGGFEPGMKQKATKEPIKNEANNGLKNTRGTLAM,,,34.000000,3960.025200,ppiB_Native_30C_kinetics,0.167000,3970.000733,0.043054,7.466661,0.045713,5.776639,0.005605
sp,49,85,MIQGGGFEPGMKQKATKEPIKNEANNGLKNTRGTLAM,,,34.000000,3960.025200,ppiB_Native_30C_kinetics,0.500000,3971.507178,0.155271,8.973107,0.156029,5.744382,0.001588
sp,49,85,MIQGGGFEPGMKQKATKEPIKNEANNGLKNTRGTLAM,,,34.000000,3960.025200,ppiB_Native_30C_kinetics,1.000000,3971.291198,0.123324,8.757126,0.124277,5.773243,0.002178
sp,49,85,MIQGGGFEPGMKQKATKEPIKNEANNGLKNTRGTLAM,,,34.000000,3960.025200,ppiB_Native_30C_kinetics,5.000000,3973.906872,0.094955,11.372800,0.096190,5.737008,0.001213
sp,49,85,MIQGGGFEPGMKQKATKEPIKNEANNGLKNTRGTLAM,,,34.000000,3960.025200,ppiB_Native_30C_kinetics,10.000000,3974.817967,0.063438,12.283895,0.065272,5.737229,0.004939
sp,49,85,MIQGGGFEPGMKQKATKEPIKNEANNGLKNTRGTLAM,,,34.000000,3960.025200,ppiB_Native_30C_kinetics,30.000002,3976.756257,0.069061,14.222186,0.070749,5.769703,0.003993
sp,84,98,AMARTQAPHSATAQF,,,13.000000,1587.769600,ppiB_FD,0.000000,1588.755076,0.020604,0.000000,0.000000,5.429822,0.005041
sp,84,98,AMARTQAPHSATAQF,,,13.000000,1587.769600,ppiB_FD,0.167000,1596.888866,0.036427,8.133790,0.041850,5.526552,0.001962
sp,84,98,AMARTQAPHSATAQF,,,13.000000,1587.769600,ppiB_Native_30C_kinetics,0.000000,1588.763883,0.025544,0.000000,0.000000,5.427289,0.004039
sp,84,98,AMARTQAPHSATAQF,,,13.000000,1587.769600,ppiB_Native_30C_kinetics,0.167000,1592.768274,0.047618,4.004391,0.054037,5.497585,0.003258
sp,84,98,AMARTQAPHSATAQF,,,13.000000,1587.769600,ppiB_Native_30C_kinetics,0.500000,1593.455372,0.094595,4.691489,0.097983,5.472216,0.003265
sp,84,98,AMARTQAPHSATAQF,,,13.000000,1587.769600,ppiB_Native_30C_kinetics,1.000000,1593.723997,0.065863,4.960114,0.070643,5.493805,0.005494
sp,84,98,AMARTQAPHSATAQF,,,13.000000,1587.769600,ppiB_Native_30C_kinetics,5.000000,1594.596432,0.034100,5.832549,0.042606,5.466546,0.002771
sp,84,98,AMARTQAPHSATAQF,,,13.000000,1587.769600,ppiB_Native_30C_kinetics,10.000000,1594.811711,0.052591,6.047828,0.058466,5.467833,0.001063
sp,84,98,AMARTQAPHSATAQF,,,13.000000,1587.769600,ppiB_Native_30C_kinetics,30.000002,1595.043656,0.047976,6.279772,0.054353,5.498807,0.003999
sp,85,98,MARTQAPHSATAQF,,,12.000000,1516.732500,ppiB_FD,0.000000,1517.672701,0.019558,0.000000,0.000000,5.361875,0.004612
sp,85,98,MARTQAPHSATAQF,,,12.000000,1516.732500,ppiB_FD,0.167000,1524.948558,0.032102,7.275856,0.037590,5.459942,0.005027
sp,85,98,MARTQAPHSATAQF,,,12.000000,1516.732500,ppiB_Native_30C_kinetics,0.000000,1517.678300,0.012134,0.000000,0.000000,5.360316,0.004574
sp,85,98,MARTQAPHSATAQF,,,12.000000,1516.732500,ppiB_Native_30C_kinetics,0.167000,1521.643131,0.042389,3.964831,0.044091,5.433206,0.002964
sp,85,98,MARTQAPHSATAQF,,,12.000000,1516.732500,ppiB_Native_30C_kinetics,0.500000,1522.496115,0.042177,4.817815,0.043888,5.421267,0.016020
sp,85,98,MARTQAPHSATAQF,,,12.000000,1516.732500,ppiB_Native_30C_kinetics,1.000000,1522.500476,0.101249,4.822176,0.101974,5.425200,0.003551
sp,85,98,MARTQAPHSATAQF,,,12.000000,1516.732500,ppiB_Native_30C_kinetics,5.000000,1523.416412,0.044195,5.738112,0.045831,5.402217,0.003105
sp,85,98,MARTQAPHSATAQF,,,12.000000,1516.732500,ppiB_Native_30C_kinetics,10.000000,1523.559976,0.034382,5.881676,0.036460,5.403712,0.000452
sp,85,98,MARTQAPHSATAQF,,,12.000000,1516.732500,ppiB_Native_30C_kinetics,30.000002,1523.719827,0.039355,6.041527,0.041183,5.434319,0.004423
sp,86,98,ARTQAPHSATAQF,,,11.000000,1385.692000,ppiB_FD,0.000000,1386.444964,0.004989,0.000000,0.000000,5.166078,0.003510
sp,86,98,ARTQAPHSATAQF,,,11.000000,1385.692000,ppiB_FD,0.167000,1392.998814,0.014257,6.553850,0.015104,5.283768,0.000726
sp,86,98,ARTQAPHSATAQF,,,11.000000,1385.692000,ppiB_Native_30C_kinetics,0.000000,1386.449672,0.016759,0.000000,0.000000,5.169051,0.005730
sp,86,98,ARTQAPHSATAQF,,,11.000000,1385.692000,ppiB_Native_30C_kinetics,0.167000,1390.106281,0.052931,3.656608,0.055521,5.249052,0.004246
sp,86,98,ARTQAPHSATAQF,,,11.000000,1385.692000,ppiB_Native_30C_kinetics,0.500000,1390.633718,0.074845,4.184046,0.076698,5.222638,0.002947
sp,86,98,ARTQAPHSATAQF,,,11.000000,1385.692000,ppiB_Native_30C_kinetics,1.000000,1390.651522,0.053162,4.201850,0.055741,5.242433,0.006640
sp,86,98,ARTQAPHSATAQF,,,11.000000,1385.692000,ppiB_Native_30C_kinetics,5.000000,1391.357735,0.051305,4.908063,0.053973,5.218156,0.003554
sp,86,98,ARTQAPHSATAQF,,,11.000000,1385.692000,ppiB_Native_30C_kinetics,10.000000,1391.520541,0.017528,5.070869,0.024251,5.218723,0.000378
sp,86,98,ARTQAPHSATAQF,,,11.000000,1385.692000,ppiB_Native_30C_kinetics,30.000002,1391.704136,0.041019,5.254464,0.044311,5.250450,0.005790
sp,86,99,ARTQAPHSATAQFF,,,12.000000,1532.760500,ppiB_FD,0.000000,1533.660666,0.007503,0.000000,0.000000,7.036442,0.003521
sp,86,99,ARTQAPHSATAQFF,,,12.000000,1532.760500,ppiB_FD,0.167000,1540.232689,0.037700,6.572023,0.038439,7.114103,0.000522
sp,86,99,ARTQAPHSATAQFF,,,12.000000,1532.760500,ppiB_Native_30C_kinetics,0.000000,1533.664744,0.011192,0.000000,0.000000,7.035376,0.003556
sp,86,99,ARTQAPHSATAQFF,,,12.000000,1532.760500,ppiB_Native_30C_kinetics,0.167000,1537.160486,0.066961,3.495742,0.067890,7.100293,0.001995
sp,86,99,ARTQAPHSATAQFF,,,12.000000,1532.760500,ppiB_Native_30C_kinetics,0.500000,1537.628709,0.041120,3.963965,0.042616,7.078327,0.002968
sp,86,99,ARTQAPHSATAQFF,,,12.000000,1532.760500,ppiB_Native_30C_kinetics,1.000000,1537.561963,0.067804,3.897218,0.068722,7.097190,0.010203
sp,86,99,ARTQAPHSATAQFF,,,12.000000,1532.760500,ppiB_Native_30C_kinetics,5.000000,1538.165012,0.035967,4.500268,0.037668,7.073017,0.001961
sp,86,99,ARTQAPHSATAQFF,,,12.000000,1532.760500,ppiB_Native_30C_kinetics,10.000000,1538.409939,0.036417,4.745195,0.038098,7.077219,0.002049
sp,86,99,ARTQAPHSATAQFF,,,12.000000,1532.760500,ppiB_Native_30C_kinetics,30.000002,1538.549811,0.037671,4.885067,0.039298,7.102977,0.004241
sp,99,106,FINVVDND,,,7.000000,935.446900,ppiB_FD,0.000000,935.963883,0.014131,0.000000,0.000000,6.877595,0.004325
sp,99,106,FINVVDND,,,7.000000,935.446900,ppiB_FD,0.167000,939.500014,0.027376,3.536131,0.030808,6.956271,0.001734
sp,99,106,FINVVDND,,,7.000000,935.446900,ppiB_Native_30C_kinetics,0.000000,935.965180,0.009495,0.000000,0.000000,6.877877,0.004059
sp,99,106,FINVVDND,,,7.000000,935.446900,ppiB_Native_30C_kinetics,0.167000,937.089203,0.008199,1.124022,0.012545,6.930201,0.003127
sp,99,106,FINVVDND,,,7.000000,935.446900,ppiB_Native_30C_kinetics,0.500000,937.166686,0.031827,1.201506,0.033213,6.902701,0.002379
sp,99,106,FINVVDND,,,7.000000,935.446900,ppiB_Native_30C_kinetics,1.000000,937.052253,0.043848,1.087072,0.044865,6.922981,0.003109
sp,99,106,FINVVDND,,,7.000000,935.446900,ppiB_Native_30C_kinetics,5.000000,937.191929,0.009469,1.226748,0.013410,6.896726,0.000937
sp,99,106,FINVVDND,,,7.000000,935.446900,ppiB_Native_30C_kinetics,10.000000,937.232012,0.010586,1.266832,0.014220,6.898376,0.001443
sp,99,106,FINVVDND,,,7.000000,935.446900,ppiB_Native_30C_kinetics,30.000002,937.281465,0.011633,1.316285,0.015016,6.930084,0.004234
sp,99,107,FINVVDNDF,,,8.000000,1082.515300,ppiB_FD,0.000000,1083.120180,0.006001,0.000000,0.000000,8.587644,0.005075
sp,99,107,FINVVDNDF,,,8.000000,1082.515300,ppiB_FD,0.167000,1087.304798,0.011047,4.184617,0.012572,8.655098,0.001156
sp,99,107,FINVVDNDF,,,8.000000,1082.515300,ppiB_Native_30C_kinetics,0.000000,1083.127493,0.021144,0.000000,0.000000,8.588703,0.004847
sp,99,107,FINVVDNDF,,,8.000000,1082.515300,ppiB_Native_30C_kinetics,0.167000,1084.924396,0.027556,1.796903,0.034734,8.632699,0.001199
sp,99,107,FINVVDNDF,,,8.000000,1082.515300,ppiB_Native_30C_kinetics,0.500000,1085.007071,0.035582,1.879578,0.041391,8.606343,0.001887
sp,99,107,FINVVDNDF,,,8.000000,1082.515300,ppiB_Native_30C_kinetics,1.000000,1084.870556,0.053204,1.743064,0.057251,8.628919,0.004955
sp,99,107,FINVVDNDF,,,8.000000,1082.515300,ppiB_Native_30C_kinetics,5.000000,1085.026893,0.016596,1.899401,0.026880,8.603784,0.002029
sp,99,107,FINVVDNDF,,,8.000000,1082.515300,ppiB_Native_30C_kinetics,10.000000,1085.060470,0.011635,1.932977,0.024134,8.605811,0.000703
sp,99,107,FINVVDNDF,,,8.000000,1082.515300,ppiB_Native_30C_kinetics,30.000002,1085.124151,0.028709,1.996658,0.035655,8.632901,0.004271
sp,99,108,FINVVDNDFL,,,9.000000,1195.599400,ppiB_FD,0.000000,1196.299256,0.013613,0.000000,0.000000,9.591999,0.006157
sp,99,108,FINVVDNDFL,,,9.000000,1195.599400,ppiB_FD,0.167000,1200.941691,0.033518,4.642435,0.036177,9.638331,0.002252
sp,99,108,FINVVDNDFL,,,9.000000,1195.599400,ppiB_Native_30C_kinetics,0.000000,1196.303846,0.014454,0.000000,0.000000,9.591880,0.004602
sp,99,108,FINVVDNDFL,,,9.000000,1195.599400,ppiB_Native_30C_kinetics,0.167000,1198.047265,0.027002,1.743418,0.030627,9.619273,0.000929
sp,99,108,FINVVDNDFL,,,9.000000,1195.599400,ppiB_Native_30C_kinetics,0.500000,1198.133986,0.023290,1.830139,0.027410,9.599248,0.002497
sp,99,108,FINVVDNDFL,,,9.000000,1195.599400,ppiB_Native_30C_kinetics,1.000000,1198.108682,0.043996,1.804836,0.046310,9.614594,0.003234
sp,99,108,FINVVDNDFL,,,9.000000,1195.599400,ppiB_Native_30C_kinetics,5.000000,1198.443283,0.025089,2.139437,0.028955,9.591725,0.001535
sp,99,108,FINVVDNDFL,,,9.000000,1195.599400,ppiB_Native_30C_kinetics,10.000000,1198.585646,0.016142,2.281800,0.021667,9.593605,0.000694
sp,99,108,FINVVDNDFL,,,9.000000,1195.599400,ppiB_Native_30C_kinetics,30.000002,1198.833442,0.032279,2.529596,0.035367,9.618326,0.002054
sp,99,110,FINVVDNDFLNF,,,11.000000,1456.710700,ppiB_FD,0.000000,1457.526471,0.004536,0.000000,0.000000,10.395999,0.007329
sp,99,110,FINVVDNDFLNF,,,11.000000,1456.710700,ppiB_FD,0.167000,1463.581628,0.024481,6.055157,0.024898,10.454083,0.000335
sp,99,110,FINVVDNDFLNF,,,11.000000,1456.710700,ppiB_Native_30C_kinetics,0.000000,1457.536184,0.019364,0.000000,0.000000,10.397783,0.005650
sp,99,110,FINVVDNDFLNF,,,11.000000,1456.710700,ppiB_Native_30C_kinetics,0.167000,1459.571480,0.027916,2.035296,0.033974,10.416674,0.003415
sp,99,110,FINVVDNDFLNF,,,11.000000,1456.710700,ppiB_Native_30C_kinetics,0.500000,1459.801435,0.025322,2.265250,0.031877,10.395702,0.002983
sp,99,110,FINVVDNDFLNF,,,11.000000,1456.710700,ppiB_Native_30C_kinetics,1.000000,1459.903768,0.039311,2.367584,0.043821,10.415720,0.002847
sp,99,110,FINVVDNDFLNF,,,11.000000,1456.710700,ppiB_Native_30C_kinetics,5.000000,1460.732652,0.006734,3.196467,0.020501,10.387475,0.001670
sp,99,110,FINVVDNDFLNF,,,11.000000,1456.710700,ppiB_Native_30C_kinetics,10.000000,1461.055493,0.031701,3.519309,0.037147,10.388714,0.001613
sp,99,110,FINVVDNDFLNF,,,11.000000,1456.710700,ppiB_Native_30C_kinetics,30.000002,1461.351398,0.016905,3.815214,0.025704,10.417288,0.002765
sp,100,110,INVVDNDFLNF,,,10.000000,1309.642300,ppiB_FD,0.000000,1310.403785,0.018413,0.000000,0.000000,9.802748,0.005836
sp,100,110,INVVDNDFLNF,,,10.000000,1309.642300,ppiB_FD,0.167000,1315.659924,0.031730,5.256139,0.036686,9.825577,0.004826
sp,100,110,INVVDNDFLNF,,,10.000000,1309.642300,ppiB_Native_30C_kinetics,0.000000,1310.413818,0.015144,0.000000,0.000000,9.803706,0.003925
sp,100,110,INVVDNDFLNF,,,10.000000,1309.642300,ppiB_Native_30C_kinetics,0.167000,1312.300592,0.012986,1.886774,0.019949,9.826940,0.002379
sp,100,110,INVVDNDFLNF,,,10.000000,1309.642300,ppiB_Native_30C_kinetics,0.500000,1312.501313,0.008636,2.087495,0.017433,9.803293,0.001476
sp,100,110,INVVDNDFLNF,,,10.000000,1309.642300,ppiB_Native_30C_kinetics,1.000000,1312.655021,0.034656,2.241202,0.037820,9.825705,0.002017
sp,100,110,INVVDNDFLNF,,,10.000000,1309.642300,ppiB_Native_30C_kinetics,5.000000,1313.447792,0.038093,3.033974,0.040993,9.797893,0.003000
sp,100,110,INVVDNDFLNF,,,10.000000,1309.642300,ppiB_Native_30C_kinetics,10.000000,1313.792328,0.020552,3.378510,0.025528,9.799334,0.001826
sp,100,110,INVVDNDFLNF,,,10.000000,1309.642300,ppiB_Native_30C_kinetics,30.000002,1314.136394,0.012451,3.722576,0.019605,9.829906,0.002952
sp,103,110,VDNDFLNF,,,7.000000,983.446900,ppiB_FD,0.000000,984.012446,0.016319,0.000000,0.000000,9.400949,0.005220
sp,103,110,VDNDFLNF,,,7.000000,983.446900,ppiB_FD,0.167000,986.967380,0.007013,2.954934,0.017762,9.463398,0.001952
sp,103,110,VDNDFLNF,,,7.000000,983.446900,ppiB_Native_30C_kinetics,0.000000,984.013343,0.009737,0.000000,0.000000,9.399094,0.003730
sp,103,110,VDNDFLNF,,,7.000000,983.446900,ppiB_Native_30C_kinetics,0.167000,985.352618,0.027602,1.339275,0.029269,9.441899,0.005054
sp,103,110,VDNDFLNF,,,7.000000,983.446900,ppiB_Native_30C_kinetics,0.500000,985.537672,0.035901,1.524329,0.037198,9.418456,0.002746
sp,103,110,VDNDFLNF,,,7.000000,983.446900,ppiB_Native_30C_kinetics,1.000000,985.633858,0.034789,1.620515,0.036126,9.436240,0.007079
sp,103,110,VDNDFLNF,,,7.000000,983.446900,ppiB_Native_30C_kinetics,5.000000,986.326202,0.051010,2.312859,0.051931,9.410888,0.001918
sp,103,110,VDNDFLNF,,,7.000000,983.446900,ppiB_Native_30C_kinetics,10.000000,986.600987,0.003966,2.587644,0.010514,9.411518,0.000947
sp,103,110,VDNDFLNF,,,7.000000,983.446900,ppiB_Native_30C_kinetics,30.000002,986.966221,0.016491,2.952878,0.019152,9.440452,0.003295
sp,108,119,LNFSGESLQGWG,,,11.000000,1294.606200,ppiB_FD,0.000000,1295.368897,0.019990,0.000000,0.000000,8.716166,0.005256
sp,108,119,LNFSGESLQGWG,,,11.000000,1294.606200,ppiB_FD,0.167000,1302.065517,0.053202,6.696620,0.056833,8.798553,0.001556
sp,108,119,LNFSGESLQGWG,,,11.000000,1294.606200,ppiB_Native_30C_kinetics,0.000000,1295.368454,0.003732,0.000000,0.000000,8.714149,0.004432
sp,108,119,LNFSGESLQGWG,,,11.000000,1294.606200,ppiB_Native_30C_kinetics,0.167000,1300.282526,0.049903,4.914072,0.050043,8.767562,0.003112
sp,108,119,LNFSGESLQGWG,,,11.000000,1294.606200,ppiB_Native_30C_kinetics,0.500000,1300.683779,0.052053,5.315325,0.052186,8.739528,0.003842
sp,108,119,LNFSGESLQGWG,,,11.000000,1294.606200,ppiB_Native_30C_kinetics,1.000000,1300.698731,0.077312,5.330277,0.077402,8.767894,0.005725
sp,108,119,LNFSGESLQGWG,,,11.000000,1294.606200,ppiB_Native_30C_kinetics,5.000000,1301.380856,0.093167,6.012402,0.093242,8.736648,0.001988
sp,108,119,LNFSGESLQGWG,,,11.000000,1294.606200,ppiB_Native_30C_kinetics,10.000000,1301.444786,0.086475,6.076332,0.086556,8.739038,0.000839
sp,108,119,LNFSGESLQGWG,,,11.000000,1294.606200,ppiB_Native_30C_kinetics,30.000002,1301.324684,0.033514,5.956230,0.033721,8.768135,0.003512
sp,111,119,SGESLQGWG,,,8.000000,920.410800,ppiB_FD,0.000000,920.923924,0.009988,0.000000,0.000000,7.466774,0.004431
sp,111,119,SGESLQGWG,,,8.000000,920.410800,ppiB_FD,0.167000,924.968968,0.025625,4.045045,0.027503,7.574887,0.002740
sp,111,119,SGESLQGWG,,,8.000000,920.410800,ppiB_Native_30C_kinetics,0.000000,920.938181,0.019280,0.000000,0.000000,7.463219,0.004020
sp,111,119,SGESLQGWG,,,8.000000,920.410800,ppiB_Native_30C_kinetics,0.167000,924.359464,0.056855,3.421283,0.060035,7.539790,0.000684
sp,111,119,SGESLQGWG,,,8.000000,920.410800,ppiB_Native_30C_kinetics,0.500000,924.579742,0.033443,3.641561,0.038602,7.515625,0.003969
sp,111,119,SGESLQGWG,,,8.000000,920.410800,ppiB_Native_30C_kinetics,1.000000,924.452370,0.045190,3.514189,0.049131,7.533895,0.003076
sp,111,119,SGESLQGWG,,,8.000000,920.410800,ppiB_Native_30C_kinetics,5.000000,924.849575,0.019512,3.911394,0.027431,7.506954,0.001766
sp,111,119,SGESLQGWG,,,8.000000,920.410800,ppiB_Native_30C_kinetics,10.000000,924.844425,0.016533,3.906244,0.025398,7.508640,0.000267
sp,111,119,SGESLQGWG,,,8.000000,920.410800,ppiB_Native_30C_kinetics,30.000002,924.840797,0.008464,3.902616,0.021056,7.537539,0.003574
sp,111,120,SGESLQGWGY,,,9.000000,1083.474200,ppiB_FD,0.000000,1084.109479,0.014021,0.000000,0.000000,8.173482,0.004273
sp,111,120,SGESLQGWGY,,,9.000000,1083.474200,ppiB_FD,0.167000,1088.904754,0.037764,4.795275,0.040283,8.274504,0.001129
sp,111,120,SGESLQGWGY,,,9.000000,1083.474200,ppiB_Native_30C_kinetics,0.000000,1084.108993,0.028520,0.000000,0.000000,8.170056,0.003641
sp,111,120,SGESLQGWGY,,,9.000000,1083.474200,ppiB_Native_30C_kinetics,0.167000,1087.633576,0.061767,3.524584,0.068034,8.241590,0.005445
sp,111,120,SGESLQGWGY,,,9.000000,1083.474200,ppiB_Native_30C_kinetics,0.500000,1087.986580,0.110097,3.877588,0.113731,8.216890,0.003345
sp,111,120,SGESLQGWGY,,,9.000000,1083.474200,ppiB_Native_30C_kinetics,1.000000,1087.998511,0.063788,3.889519,0.069873,8.233672,0.005701
sp,111,120,SGESLQGWGY,,,9.000000,1083.474200,ppiB_Native_30C_kinetics,5.000000,1088.272526,0.058940,4.163533,0.065478,8.209676,0.001849
sp,111,120,SGESLQGWGY,,,9.000000,1083.474200,ppiB_Native_30C_kinetics,10.000000,1088.329163,0.021343,4.220170,0.035622,8.212479,0.000653
sp,111,120,SGESLQGWGY,,,9.000000,1083.474200,ppiB_Native_30C_kinetics,30.000002,1088.433397,0.040331,4.324405,0.049396,8.240355,0.004697
sp,111,122,SGESLQGWGYCV,,,11.000000,1285.551800,ppiB_FD,0.000000,1286.322873,0.018854,0.000000,0.000000,8.998699,0.004146
sp,111,122,SGESLQGWGYCV,,,11.000000,1285.551800,ppiB_FD,0.167000,1293.417042,0.031488,7.094169,0.036701,9.084794,0.001404
sp,111,122,SGESLQGWGYCV,,,11.000000,1285.551800,ppiB_Native_30C_kinetics,0.000000,1286.317430,0.010534,0.000000,0.000000,8.997929,0.004140
sp,111,122,SGESLQGWGYCV,,,11.000000,1285.551800,ppiB_Native_30C_kinetics,0.167000,1290.337117,0.072026,4.019687,0.072792,9.054763,0.002889
sp,111,122,SGESLQGWGYCV,,,11.000000,1285.551800,ppiB_Native_30C_kinetics,0.500000,1290.599324,0.061672,4.281895,0.062565,9.028983,0.002177
sp,111,122,SGESLQGWGYCV,,,11.000000,1285.551800,ppiB_Native_30C_kinetics,1.000000,1290.557986,0.071363,4.240556,0.072137,9.053963,0.003344
sp,111,122,SGESLQGWGYCV,,,11.000000,1285.551800,ppiB_Native_30C_kinetics,5.000000,1291.093815,0.048891,4.776385,0.050013,9.022645,0.002086
sp,111,122,SGESLQGWGYCV,,,11.000000,1285.551800,ppiB_Native_30C_kinetics,10.000000,1291.183994,0.026828,4.866564,0.028822,9.024284,0.001790
sp,111,122,SGESLQGWGYCV,,,11.000000,1285.551800,ppiB_Native_30C_kinetics,30.000002,1291.353368,0.030111,5.035939,0.031900,9.053798,0.002913
sp,113,119,ESLQGWG,,,6.000000,776.357300,ppiB_FD,0.000000,776.781656,0.029692,0.000000,0.000000,7.507866,0.003540
sp,113,119,ESLQGWG,,,6.000000,776.357300,ppiB_FD,0.167000,780.394547,0.014879,3.612891,0.033211,7.620709,0.002586
sp,113,119,ESLQGWG,,,6.000000,776.357300,ppiB_Native_30C_kinetics,0.000000,776.762873,0.021369,0.000000,0.000000,7.503802,0.004990
sp,113,119,ESLQGWG,,,6.000000,776.357300,ppiB_Native_30C_kinetics,0.167000,779.632071,0.040622,2.869198,0.045900,7.584598,0.003281
sp,113,119,ESLQGWG,,,6.000000,776.357300,ppiB_Native_30C_kinetics,0.500000,779.881878,0.011325,3.119005,0.024184,7.560774,0.002901
sp,113,119,ESLQGWG,,,6.000000,776.357300,ppiB_Native_30C_kinetics,1.000000,779.876106,0.029835,3.113233,0.036698,7.579134,0.003800
sp,113,119,ESLQGWG,,,6.000000,776.357300,ppiB_Native_30C_kinetics,5.000000,780.173734,0.016275,3.410862,0.026861,7.552789,0.001599
sp,113,119,ESLQGWG,,,6.000000,776.357300,ppiB_Native_30C_kinetics,10.000000,780.223148,0.053597,3.460275,0.057700,7.555479,0.001774
sp,113,119,ESLQGWG,,,6.000000,776.357300,ppiB_Native_30C_kinetics,30.000002,780.181990,0.013634,3.419118,0.025348,7.585580,0.002054
sp,113,122,ESLQGWGYCV,,,9.000000,1141.498300,ppiB_FD,0.000000,1142.215817,0.016839,0.000000,0.000000,9.110869,0.005707
sp,113,122,ESLQGWGYCV,,,9.000000,1141.498300,ppiB_FD,0.167000,1147.796982,0.045192,5.581165,0.048228,9.192162,0.001158
sp,113,122,ESLQGWGYCV,,,9.000000,1141.498300,ppiB_Native_30C_kinetics,0.000000,1142.216561,0.032105,0.000000,0.000000,9.108204,0.003529
sp,113,122,ESLQGWGYCV,,,9.000000,1141.498300,ppiB_Native_30C_kinetics,0.167000,1145.225760,0.025152,3.009199,0.040784,9.163386,0.002936
sp,113,122,ESLQGWGYCV,,,9.000000,1141.498300,ppiB_Native_30C_kinetics,0.500000,1145.509405,0.056715,3.292844,0.065172,9.141073,0.003787
sp,113,122,ESLQGWGYCV,,,9.000000,1141.498300,ppiB_Native_30C_kinetics,1.000000,1145.522721,0.061963,3.306161,0.069786,9.161444,0.003903
sp,113,122,ESLQGWGYCV,,,9.000000,1141.498300,ppiB_Native_30C_kinetics,5.000000,1145.982462,0.018477,3.765902,0.037042,9.133305,0.002035
sp,113,122,ESLQGWGYCV,,,9.000000,1141.498300,ppiB_Native_30C_kinetics,10.000000,1146.054945,0.063692,3.838384,0.071326,9.134283,0.000306
sp,113,122,ESLQGWGYCV,,,9.000000,1141.498300,ppiB_Native_30C_kinetics,30.000002,1146.359579,0.012795,4.143018,0.034560,9.164608,0.003282
sp,114,122,SLQGWGYCV,,,8.000000,1012.455700,ppiB_FD,0.000000,1013.123933,0.023227,0.000000,0.000000,9.120493,0.004982
sp,114,122,SLQGWGYCV,,,8.000000,1012.455700,ppiB_FD,0.167000,1017.867677,0.041331,4.743744,0.047410,9.199431,0.002118
sp,114,122,SLQGWGYCV,,,8.000000,1012.455700,ppiB_Native_30C_kinetics,0.000000,1013.135677,0.014899,0.000000,0.000000,9.115318,0.006354
sp,114,122,SLQGWGYCV,,,8.000000,1012.455700,ppiB_Native_30C_kinetics,0.167000,1015.496311,0.020352,2.360634,0.025222,9.172782,0.002039
sp,114,122,SLQGWGYCV,,,8.000000,1012.455700,ppiB_Native_30C_kinetics,0.500000,1015.765130,0.036459,2.629454,0.039386,9.150580,0.004229
sp,114,122,SLQGWGYCV,,,8.000000,1012.455700,ppiB_Native_30C_kinetics,1.000000,1015.736628,0.039619,2.600951,0.042328,9.167984,0.006881
sp,114,122,SLQGWGYCV,,,8.000000,1012.455700,ppiB_Native_30C_kinetics,5.000000,1016.202216,0.048069,3.066539,0.050325,9.142998,0.002539
sp,114,122,SLQGWGYCV,,,8.000000,1012.455700,ppiB_Native_30C_kinetics,10.000000,1016.355359,0.026554,3.219683,0.030448,9.143368,0.003332
sp,114,122,SLQGWGYCV,,,8.000000,1012.455700,ppiB_Native_30C_kinetics,30.000002,1016.618519,0.043764,3.482842,0.046231,9.172075,0.001170
sp,116,122,QGWGYCV,,,6.000000,812.339600,ppiB_FD,0.000000,812.896654,0.016845,0.000000,0.000000,8.591309,0.005209
sp,116,122,QGWGYCV,,,6.000000,812.339600,ppiB_FD,0.167000,816.229379,0.004112,3.332725,0.017340,8.689339,0.001556
sp,116,122,QGWGYCV,,,6.000000,812.339600,ppiB_Native_30C_kinetics,0.000000,812.828933,0.034963,0.000000,0.000000,8.589075,0.005092
sp,116,122,QGWGYCV,,,6.000000,812.339600,ppiB_Native_30C_kinetics,0.167000,813.858653,0.041451,1.029720,0.054228,8.658076,0.003468
sp,116,122,QGWGYCV,,,6.000000,812.339600,ppiB_Native_30C_kinetics,0.500000,814.037437,0.025244,1.208504,0.043124,8.633562,0.001880
sp,116,122,QGWGYCV,,,6.000000,812.339600,ppiB_Native_30C_kinetics,1.000000,814.179204,0.010752,1.350272,0.036579,8.658895,0.004226
sp,116,122,QGWGYCV,,,6.000000,812.339600,ppiB_Native_30C_kinetics,5.000000,814.534704,0.028673,1.705771,0.045217,8.628510,0.002564
sp,116,122,QGWGYCV,,,6.000000,812.339600,ppiB_Native_30C_kinetics,10.000000,814.630173,0.023963,1.801240,0.042387,8.629922,0.001208
sp,116,122,QGWGYCV,,,6.000000,812.339600,ppiB_Native_30C_kinetics,30.000002,814.880965,0.018877,2.052032,0.039734,8.656766,0.003441
sp,123,130,FAEVVDGM,,,7.000000,867.391700,ppiB_FD,0.000000,867.910892,0.032933,0.000000,0.000000,7.585330,0.004773
sp,123,130,FAEVVDGM,,,7.000000,867.391700,ppiB_FD,0.167000,871.380999,0.004373,3.470107,0.033222,7.661514,0.006674
sp,123,130,FAEVVDGM,,,7.000000,867.391700,ppiB_Native_30C_kinetics,0.000000,867.880777,0.027870,0.000000,0.000000,7.583195,0.003833
sp,123,130,FAEVVDGM,,,7.000000,867.391700,ppiB_Native_30C_kinetics,0.167000,868.953082,0.022382,1.072304,0.035745,7.644524,0.000708
sp,123,130,FAEVVDGM,,,7.000000,867.391700,ppiB_Native_30C_kinetics,0.500000,869.098334,0.062570,1.217557,0.068496,7.617603,0.004175
sp,123,130,FAEVVDGM,,,7.000000,867.391700,ppiB_Native_30C_kinetics,5.000000,869.329252,0.020342,1.448475,0.034504,7.610911,0.002494
sp,123,130,FAEVVDGM,,,7.000000,867.391700,ppiB_Native_30C_kinetics,10.000000,869.453383,0.083929,1.572605,0.088435,7.624627,0.015653
sp,123,130,FAEVVDGM,,,7.000000,867.391700,ppiB_Native_30C_kinetics,30.000002,869.391576,0.055632,1.510799,0.062222,7.642088,0.004007
sp,123,131,FAEVVDGMD,,,8.000000,982.418600,ppiB_FD,0.000000,982.998453,0.025430,0.000000,0.000000,7.157920,0.003371
sp,123,131,FAEVVDGMD,,,8.000000,982.418600,ppiB_FD,0.167000,986.910412,0.077017,3.911959,0.081107,7.253095,0.002202
sp,123,131,FAEVVDGMD,,,8.000000,982.418600,ppiB_Native_30C_kinetics,0.000000,983.014639,0.029188,0.000000,0.000000,7.158169,0.003928
sp,123,131,FAEVVDGMD,,,8.000000,982.418600,ppiB_Native_30C_kinetics,0.167000,984.651892,0.024369,1.637253,0.038023,7.216405,0.001707
sp,123,131,FAEVVDGMD,,,8.000000,982.418600,ppiB_Native_30C_kinetics,0.500000,984.708332,0.045142,1.693694,0.053756,7.190314,0.002440
sp,123,131,FAEVVDGMD,,,8.000000,982.418600,ppiB_Native_30C_kinetics,1.000000,984.651383,0.000000,1.636744,0.029188,7.218788,0.000000
sp,123,131,FAEVVDGMD,,,8.000000,982.418600,ppiB_Native_30C_kinetics,5.000000,984.856199,0.006723,1.841561,0.029952,7.185573,0.001508
sp,123,131,FAEVVDGMD,,,8.000000,982.418600,ppiB_Native_30C_kinetics,10.000000,984.949982,0.009613,1.935344,0.030730,7.187415,0.001246
sp,123,131,FAEVVDGMD,,,8.000000,982.418600,ppiB_Native_30C_kinetics,30.000002,985.020796,0.015530,2.006157,0.033062,7.221730,0.003893
sp,123,146,FAEVVDGMDVVDKIKGVATGRSGM,,,23.000000,2481.247600,ppiB_FD,0.000000,2482.851031,0.048167,0.000000,0.000000,8.322146,0.004979
sp,123,146,FAEVVDGMDVVDKIKGVATGRSGM,,,23.000000,2481.247600,ppiB_FD,0.167000,2497.992675,0.116661,15.141644,0.126214,8.312561,0.003498
sp,123,146,FAEVVDGMDVVDKIKGVATGRSGM,,,23.000000,2481.247600,ppiB_Native_30C_kinetics,0.000000,2482.834438,0.035716,0.000000,0.000000,8.321112,0.004235
sp,123,146,FAEVVDGMDVVDKIKGVATGRSGM,,,23.000000,2481.247600,ppiB_Native_30C_kinetics,0.167000,2488.097694,0.141223,5.263256,0.145670,8.341190,0.003458
sp,123,146,FAEVVDGMDVVDKIKGVATGRSGM,,,23.000000,2481.247600,ppiB_Native_30C_kinetics,0.500000,2488.948654,0.155667,6.114216,0.159712,8.309582,0.002911
sp,123,146,FAEVVDGMDVVDKIKGVATGRSGM,,,23.000000,2481.247600,ppiB_Native_30C_kinetics,1.000000,2488.839294,0.000000,6.004856,0.035716,8.327889,0.000000
sp,123,146,FAEVVDGMDVVDKIKGVATGRSGM,,,23.000000,2481.247600,ppiB_Native_30C_kinetics,5.000000,2489.880131,0.117434,7.045694,0.122745,8.300350,0.005161
sp,123,146,FAEVVDGMDVVDKIKGVATGRSGM,,,23.000000,2481.247600,ppiB_Native_30C_kinetics,10.000000,2490.837984,0.148011,8.003546,0.152259,8.297736,0.003820
sp,123,146,FAEVVDGMDVVDKIKGVATGRSGM,,,23.000000,2481.247600,ppiB_Native_30C_kinetics,30.000002,2491.619485,0.047012,8.785047,0.059041,8.325008,0.006911
sp,123,153,FAEVVDGMDVVDKIKGVATGRSGMHQDVPKE,,,29.000000,3314.650800,ppiB_FD,0.000000,3316.746704,0.027472,0.000000,0.000000,7.617693,0.007474
sp,123,153,FAEVVDGMDVVDKIKGVATGRSGMHQDVPKE,,,29.000000,3314.650800,ppiB_FD,0.167000,3333.415207,0.142750,16.668503,0.145369,7.622059,0.000562
sp,123,153,FAEVVDGMDVVDKIKGVATGRSGMHQDVPKE,,,29.000000,3314.650800,ppiB_Native_30C_kinetics,0.000000,3316.732766,0.016286,0.000000,0.000000,7.616849,0.003301
sp,123,153,FAEVVDGMDVVDKIKGVATGRSGMHQDVPKE,,,29.000000,3314.650800,ppiB_Native_30C_kinetics,0.167000,3322.234402,0.043251,5.501636,0.046215,7.645666,0.000985
sp,123,153,FAEVVDGMDVVDKIKGVATGRSGMHQDVPKE,,,29.000000,3314.650800,ppiB_Native_30C_kinetics,0.500000,3323.130111,0.276541,6.397345,0.277021,7.622050,0.003678
sp,123,153,FAEVVDGMDVVDKIKGVATGRSGMHQDVPKE,,,29.000000,3314.650800,ppiB_Native_30C_kinetics,1.000000,3322.895066,0.121185,6.162300,0.122274,7.638122,0.006274
sp,123,153,FAEVVDGMDVVDKIKGVATGRSGMHQDVPKE,,,29.000000,3314.650800,ppiB_Native_30C_kinetics,5.000000,3324.529501,0.071273,7.796735,0.073110,7.608254,0.000834
sp,123,153,FAEVVDGMDVVDKIKGVATGRSGMHQDVPKE,,,29.000000,3314.650800,ppiB_Native_30C_kinetics,10.000000,3325.553928,0.054309,8.821162,0.056698,7.605324,0.001586
sp,123,153,FAEVVDGMDVVDKIKGVATGRSGMHQDVPKE,,,29.000000,3314.650800,ppiB_Native_30C_kinetics,30.000002,3326.656388,0.082291,9.923622,0.083887,7.632328,0.004543
sp,123,172,FAEVVDGMDVVDKIKGVATGRSGMHQDVPKEDVIIESVTVSELEHHHHHH,,,48.000000,5550.728100,ppiB_FD,0.000000,5554.115449,0.039133,0.000000,0.000000,7.503579,0.007432
sp,123,172,FAEVVDGMDVVDKIKGVATGRSGMHQDVPKEDVIIESVTVSELEHHHHHH,,,48.000000,5550.728100,ppiB_FD,0.167000,5580.194029,0.081395,26.078579,0.090313,7.540594,0.002264
sp,123,172,FAEVVDGMDVVDKIKGVATGRSGMHQDVPKEDVIIESVTVSELEHHHHHH,,,48.000000,5550.728100,ppiB_Native_30C_kinetics,0.000000,5554.119502,0.017626,0.000000,0.000000,7.506043,0.004055
sp,123,172,FAEVVDGMDVVDKIKGVATGRSGMHQDVPKEDVIIESVTVSELEHHHHHH,,,48.000000,5550.728100,ppiB_Native_30C_kinetics,0.167000,5563.673127,0.147627,9.553625,0.148675,7.539794,0.003332
sp,123,172,FAEVVDGMDVVDKIKGVATGRSGMHQDVPKEDVIIESVTVSELEHHHHHH,,,48.000000,5550.728100,ppiB_Native_30C_kinetics,0.500000,5564.481854,0.089034,10.362352,0.090762,7.509699,0.004960
sp,123,172,FAEVVDGMDVVDKIKGVATGRSGMHQDVPKEDVIIESVTVSELEHHHHHH,,,48.000000,5550.728100,ppiB_Native_30C_kinetics,1.000000,5564.436919,0.226628,10.317417,0.227312,7.531596,0.003348
sp,123,172,FAEVVDGMDVVDKIKGVATGRSGMHQDVPKEDVIIESVTVSELEHHHHHH,,,48.000000,5550.728100,ppiB_Native_30C_kinetics,5.000000,5566.596721,0.091676,12.477219,0.093355,7.496630,0.001010
sp,123,172,FAEVVDGMDVVDKIKGVATGRSGMHQDVPKEDVIIESVTVSELEHHHHHH,,,48.000000,5550.728100,ppiB_Native_30C_kinetics,10.000000,5567.654492,0.099883,13.534991,0.101426,7.496217,0.000968
sp,123,172,FAEVVDGMDVVDKIKGVATGRSGMHQDVPKEDVIIESVTVSELEHHHHHH,,,48.000000,5550.728100,ppiB_Native_30C_kinetics,30.000002,5569.159017,0.115716,15.039515,0.117050,7.527000,0.001904
sp,124,130,AEVVDGM,,,6.000000,720.323300,ppiB_FD,0.000000,720.768537,0.022554,0.000000,0.000000,6.405112,0.005241
sp,124,130,AEVVDGM,,,6.000000,720.323300,ppiB_FD,0.167000,723.933905,0.000426,3.165368,0.022558,6.505014,0.001973
sp,124,130,AEVVDGM,,,6.000000,720.323300,ppiB_Native_30C_kinetics,0.000000,720.755976,0.034826,0.000000,0.000000,6.404106,0.004478
sp,124,130,AEVVDGM,,,6.000000,720.323300,ppiB_Native_30C_kinetics,0.167000,721.988744,0.027225,1.232768,0.044205,6.471149,0.005231
sp,124,130,AEVVDGM,,,6.000000,720.323300,ppiB_Native_30C_kinetics,0.500000,722.064054,0.045602,1.308078,0.057380,6.448092,0.002267
sp,124,130,AEVVDGM,,,6.000000,720.323300,ppiB_Native_30C_kinetics,1.000000,721.971003,0.031973,1.215027,0.047277,6.469840,0.003241
sp,124,130,AEVVDGM,,,6.000000,720.323300,ppiB_Native_30C_kinetics,5.000000,722.134081,0.012477,1.378105,0.036994,6.439476,0.001527
sp,124,130,AEVVDGM,,,6.000000,720.323300,ppiB_Native_30C_kinetics,10.000000,722.243841,0.022292,1.487865,0.041350,6.444579,0.000694
sp,124,130,AEVVDGM,,,6.000000,720.323300,ppiB_Native_30C_kinetics,30.000002,722.451842,0.019481,1.695866,0.039904,6.472880,0.005080
sp,124,131,AEVVDGMD,,,7.000000,835.350200,ppiB_FD,0.000000,835.825703,0.005038,0.000000,0.000000,5.939558,0.004884
sp,124,131,AEVVDGMD,,,7.000000,835.350200,ppiB_FD,0.167000,839.303324,0.032512,3.477621,0.032900,6.049486,0.001339
sp,124,131,AEVVDGMD,,,7.000000,835.350200,ppiB_Native_30C_kinetics,0.000000,835.826762,0.011576,0.000000,0.000000,5.938790,0.003906
sp,124,131,AEVVDGMD,,,7.000000,835.350200,ppiB_Native_30C_kinetics,0.167000,837.423877,0.029123,1.597115,0.031339,6.009493,0.004121
sp,124,131,AEVVDGMD,,,7.000000,835.350200,ppiB_Native_30C_kinetics,0.500000,837.530285,0.049344,1.703523,0.050684,5.983320,0.001732
sp,124,131,AEVVDGMD,,,7.000000,835.350200,ppiB_Native_30C_kinetics,1.000000,837.429621,0.000000,1.602859,0.011576,6.010303,0.000000
sp,124,131,AEVVDGMD,,,7.000000,835.350200,ppiB_Native_30C_kinetics,5.000000,837.623105,0.017041,1.796343,0.020601,5.977459,0.001373
sp,124,131,AEVVDGMD,,,7.000000,835.350200,ppiB_Native_30C_kinetics,10.000000,837.716602,0.009996,1.889840,0.015294,5.979643,0.000944
sp,124,131,AEVVDGMD,,,7.000000,835.350200,ppiB_Native_30C_kinetics,30.000002,837.831451,0.061817,2.004689,0.062891,6.009882,0.005150
sp,124,153,AEVVDGMDVVDKIKGVATGRSGMHQDVPKE,,,28.000000,3167.582400,ppiB_FD,0.000000,3169.527405,0.052428,0.000000,0.000000,7.230842,0.004721
sp,124,153,AEVVDGMDVVDKIKGVATGRSGMHQDVPKE,,,28.000000,3167.582400,ppiB_FD,0.167000,3185.675675,0.061711,16.148270,0.080975,7.246024,0.005167
sp,124,153,AEVVDGMDVVDKIKGVATGRSGMHQDVPKE,,,28.000000,3167.582400,ppiB_Native_30C_kinetics,0.000000,3169.548213,0.043086,0.000000,0.000000,7.229510,0.003870
sp,124,153,AEVVDGMDVVDKIKGVATGRSGMHQDVPKE,,,28.000000,3167.582400,ppiB_Native_30C_kinetics,0.167000,3175.139215,0.045115,5.591002,0.062384,7.269435,0.001474
sp,124,153,AEVVDGMDVVDKIKGVATGRSGMHQDVPKE,,,28.000000,3167.582400,ppiB_Native_30C_kinetics,0.500000,3175.900862,0.255132,6.352649,0.258744,7.237677,0.004795
sp,124,153,AEVVDGMDVVDKIKGVATGRSGMHQDVPKE,,,28.000000,3167.582400,ppiB_Native_30C_kinetics,1.000000,3176.201794,4.547474E-13,6.653582,0.043086,7.262493,0.000000
sp,124,153,AEVVDGMDVVDKIKGVATGRSGMHQDVPKE,,,28.000000,3167.582400,ppiB_Native_30C_kinetics,5.000000,3177.365901,0.101541,7.817688,0.110304,7.228611,0.000296
sp,124,153,AEVVDGMDVVDKIKGVATGRSGMHQDVPKE,,,28.000000,3167.582400,ppiB_Native_30C_kinetics,10.000000,3178.110096,0.109670,8.561883,0.117830,7.226576,0.002915
sp,124,153,AEVVDGMDVVDKIKGVATGRSGMHQDVPKE,,,28.000000,3167.582400,ppiB_Native_30C_kinetics,30.000002,3179.422137,0.140344,9.873924,0.146808,7.254179,0.006050
sp,124,155,AEVVDGMDVVDKIKGVATGRSGMHQDVPKEDV,,,30.000000,3381.677700,ppiB_FD,0.000000,3383.746159,0.027404,0.000000,0.000000,7.316431,0.004976
sp,124,155,AEVVDGMDVVDKIKGVATGRSGMHQDVPKEDV,,,30.000000,3381.677700,ppiB_FD,0.167000,3400.296510,0.143527,16.550351,0.146119,7.331644,0.003934
sp,124,155,AEVVDGMDVVDKIKGVATGRSGMHQDVPKEDV,,,30.000000,3381.677700,ppiB_Native_30C_kinetics,0.000000,3383.721795,0.056201,0.000000,0.000000,7.313334,0.004111
sp,124,155,AEVVDGMDVVDKIKGVATGRSGMHQDVPKEDV,,,30.000000,3381.677700,ppiB_Native_30C_kinetics,0.167000,3389.484222,0.032516,5.762427,0.064929,7.350144,0.001889
sp,124,155,AEVVDGMDVVDKIKGVATGRSGMHQDVPKEDV,,,30.000000,3381.677700,ppiB_Native_30C_kinetics,0.500000,3390.210979,0.191847,6.489184,0.199909,7.321925,0.005016
sp,124,155,AEVVDGMDVVDKIKGVATGRSGMHQDVPKEDV,,,30.000000,3381.677700,ppiB_Native_30C_kinetics,1.000000,3390.212611,0.056037,6.490816,0.079364,7.341061,0.008877
sp,124,155,AEVVDGMDVVDKIKGVATGRSGMHQDVPKEDV,,,30.000000,3381.677700,ppiB_Native_30C_kinetics,5.000000,3391.952056,0.045754,8.230261,0.072470,7.311594,0.002530
sp,124,155,AEVVDGMDVVDKIKGVATGRSGMHQDVPKEDV,,,30.000000,3381.677700,ppiB_Native_30C_kinetics,10.000000,3392.681897,0.238859,8.960102,0.245382,7.307765,0.001094
sp,124,155,AEVVDGMDVVDKIKGVATGRSGMHQDVPKEDV,,,30.000000,3381.677700,ppiB_Native_30C_kinetics,30.000002,3394.401493,0.051062,10.679699,0.075933,7.337052,0.006507
sp,124,158,AEVVDGMDVVDKIKGVATGRSGMHQDVPKEDVIIE,,,33.000000,3736.888400,ppiB_FD,0.000000,3739.186596,0.014663,0.000000,0.000000,7.573052,0.005483
sp,124,158,AEVVDGMDVVDKIKGVATGRSGMHQDVPKEDVIIE,,,33.000000,3736.888400,ppiB_FD,0.167000,3758.321117,0.095248,19.134520,0.096370,7.594005,0.001606
sp,124,158,AEVVDGMDVVDKIKGVATGRSGMHQDVPKEDVIIE,,,33.000000,3736.888400,ppiB_Native_30C_kinetics,0.000000,3739.188812,0.011535,0.000000,0.000000,7.574820,0.003395
sp,124,158,AEVVDGMDVVDKIKGVATGRSGMHQDVPKEDVIIE,,,33.000000,3736.888400,ppiB_Native_30C_kinetics,0.167000,3744.996453,0.025445,5.807641,0.027937,7.609576,0.001423
sp,124,158,AEVVDGMDVVDKIKGVATGRSGMHQDVPKEDVIIE,,,33.000000,3736.888400,ppiB_Native_30C_kinetics,0.500000,3745.673432,0.149409,6.484621,0.149853,7.578692,0.004378
sp,124,158,AEVVDGMDVVDKIKGVATGRSGMHQDVPKEDVIIE,,,33.000000,3736.888400,ppiB_Native_30C_kinetics,1.000000,3745.621332,0.125626,6.432520,0.126155,7.603953,0.000424
sp,124,158,AEVVDGMDVVDKIKGVATGRSGMHQDVPKEDVIIE,,,33.000000,3736.888400,ppiB_Native_30C_kinetics,5.000000,3747.407456,0.061431,8.218644,0.062504,7.566504,0.000463
sp,124,158,AEVVDGMDVVDKIKGVATGRSGMHQDVPKEDVIIE,,,33.000000,3736.888400,ppiB_Native_30C_kinetics,10.000000,3748.353620,0.013148,9.164808,0.017491,7.564849,0.000722
sp,124,158,AEVVDGMDVVDKIKGVATGRSGMHQDVPKEDVIIE,,,33.000000,3736.888400,ppiB_Native_30C_kinetics,30.000002,3749.724341,0.056526,10.535530,0.057691,7.596579,0.002718
sp,124,172,AEVVDGMDVVDKIKGVATGRSGMHQDVPKEDVIIESVTVSELEHHHHHH,,,47.000000,5403.659700,ppiB_FD,0.000000,5406.940019,0.021511,0.000000,0.000000,7.279682,0.007136
sp,124,172,AEVVDGMDVVDKIKGVATGRSGMHQDVPKEDVIIESVTVSELEHHHHHH,,,47.000000,5403.659700,ppiB_FD,0.167000,5432.097798,0.148969,25.157778,0.150514,7.322323,0.002972
sp,124,172,AEVVDGMDVVDKIKGVATGRSGMHQDVPKEDVIIESVTVSELEHHHHHH,,,47.000000,5403.659700,ppiB_Native_30C_kinetics,0.000000,5406.944597,0.013214,0.000000,0.000000,7.280528,0.004075
sp,124,172,AEVVDGMDVVDKIKGVATGRSGMHQDVPKEDVIIESVTVSELEHHHHHH,,,47.000000,5403.659700,ppiB_Native_30C_kinetics,0.167000,5416.419786,0.236762,9.475189,0.237130,7.320792,0.009945
sp,124,172,AEVVDGMDVVDKIKGVATGRSGMHQDVPKEDVIIESVTVSELEHHHHHH,,,47.000000,5403.659700,ppiB_Native_30C_kinetics,0.500000,5416.358511,0.396509,9.413914,0.396729,7.348208,0.020769
sp,124,172,AEVVDGMDVVDKIKGVATGRSGMHQDVPKEDVIIESVTVSELEHHHHHH,,,47.000000,5403.659700,ppiB_Native_30C_kinetics,1.000000,5415.786615,0.280010,8.842018,0.280322,7.378161,0.012228
sp,124,172,AEVVDGMDVVDKIKGVATGRSGMHQDVPKEDVIIESVTVSELEHHHHHH,,,47.000000,5403.659700,ppiB_Native_30C_kinetics,5.000000,5418.496796,0.339701,11.552199,0.339958,7.337088,0.031988
sp,124,172,AEVVDGMDVVDKIKGVATGRSGMHQDVPKEDVIIESVTVSELEHHHHHH,,,47.000000,5403.659700,ppiB_Native_30C_kinetics,10.000000,5420.232620,0.159930,13.288024,0.160475,7.276373,0.000753
sp,124,172,AEVVDGMDVVDKIKGVATGRSGMHQDVPKEDVIIESVTVSELEHHHHHH,,,47.000000,5403.659700,ppiB_Native_30C_kinetics,30.000002,5421.830346,0.070575,14.885750,0.071802,7.310664,0.004708
sp,125,158,EVVDGMDVVDKIKGVATGRSGMHQDVPKEDVIIE,,,32.000000,3665.851300,ppiB_FD,0.000000,3667.985086,0.041381,0.000000,0.000000,7.528524,0.005568
sp,125,158,EVVDGMDVVDKIKGVATGRSGMHQDVPKEDVIIE,,,32.000000,3665.851300,ppiB_FD,0.167000,3686.092097,0.034899,18.107010,0.054133,7.547008,0.001858
sp,125,158,EVVDGMDVVDKIKGVATGRSGMHQDVPKEDVIIE,,,32.000000,3665.851300,ppiB_Native_30C_kinetics,0.000000,3668.028672,0.021507,0.000000,0.000000,7.529777,0.004350
sp,125,158,EVVDGMDVVDKIKGVATGRSGMHQDVPKEDVIIE,,,32.000000,3665.851300,ppiB_Native_30C_kinetics,0.167000,3673.784332,0.037095,5.755660,0.042879,7.558033,0.002538
sp,125,158,EVVDGMDVVDKIKGVATGRSGMHQDVPKEDVIIE,,,32.000000,3665.851300,ppiB_Native_30C_kinetics,0.500000,3674.416503,0.231279,6.387831,0.232277,7.531053,0.002364
sp,125,158,EVVDGMDVVDKIKGVATGRSGMHQDVPKEDVIIE,,,32.000000,3665.851300,ppiB_Native_30C_kinetics,1.000000,3674.114606,0.098367,6.085934,0.100691,7.550505,0.004734
sp,125,158,EVVDGMDVVDKIKGVATGRSGMHQDVPKEDVIIE,,,32.000000,3665.851300,ppiB_Native_30C_kinetics,5.000000,3675.954478,0.064018,7.925806,0.067534,7.521443,0.001703
sp,125,158,EVVDGMDVVDKIKGVATGRSGMHQDVPKEDVIIE,,,32.000000,3665.851300,ppiB_Native_30C_kinetics,10.000000,3677.143885,0.036184,9.115213,0.042094,7.517447,0.001962
sp,125,158,EVVDGMDVVDKIKGVATGRSGMHQDVPKEDVIIE,,,32.000000,3665.851300,ppiB_Native_30C_kinetics,30.000002,3678.590109,0.094062,10.561437,0.096489,7.549870,0.005127
sp,125,172,EVVDGMDVVDKIKGVATGRSGMHQDVPKEDVIIESVTVSELEHHHHHH,,,46.000000,5332.622600,ppiB_FD,0.000000,5335.642421,0.041541,0.000000,0.000000,7.250999,0.010817
sp,125,172,EVVDGMDVVDKIKGVATGRSGMHQDVPKEDVIIESVTVSELEHHHHHH,,,46.000000,5332.622600,ppiB_FD,0.167000,5359.963906,0.225196,24.321485,0.228995,7.306087,0.010058
sp,125,172,EVVDGMDVVDKIKGVATGRSGMHQDVPKEDVIIESVTVSELEHHHHHH,,,46.000000,5332.622600,ppiB_Native_30C_kinetics,0.000000,5335.775128,0.038190,0.000000,0.000000,7.248237,0.005974
sp,125,172,EVVDGMDVVDKIKGVATGRSGMHQDVPKEDVIIESVTVSELEHHHHHH,,,46.000000,5332.622600,ppiB_Native_30C_kinetics,0.167000,5344.736066,0.102054,8.960938,0.108966,7.279396,0.002181
sp,125,172,EVVDGMDVVDKIKGVATGRSGMHQDVPKEDVIIESVTVSELEHHHHHH,,,46.000000,5332.622600,ppiB_Native_30C_kinetics,0.500000,5345.556750,0.151275,9.781622,0.156021,7.258950,0.002592
sp,125,172,EVVDGMDVVDKIKGVATGRSGMHQDVPKEDVIIESVTVSELEHHHHHH,,,46.000000,5332.622600,ppiB_Native_30C_kinetics,1.000000,5345.376996,0.264072,9.601868,0.266819,7.280914,0.002916
sp,125,172,EVVDGMDVVDKIKGVATGRSGMHQDVPKEDVIIESVTVSELEHHHHHH,,,46.000000,5332.622600,ppiB_Native_30C_kinetics,5.000000,5347.949776,0.045403,12.174648,0.059329,7.252207,0.002097
sp,125,172,EVVDGMDVVDKIKGVATGRSGMHQDVPKEDVIIESVTVSELEHHHHHH,,,46.000000,5332.622600,ppiB_Native_30C_kinetics,10.000000,5348.872783,0.124654,13.097655,0.130373,7.243464,0.002801
sp,125,172,EVVDGMDVVDKIKGVATGRSGMHQDVPKEDVIIESVTVSELEHHHHHH,,,46.000000,5332.622600,ppiB_Native_30C_kinetics,30.000002,5350.532714,0.092502,14.757586,0.100075,7.273272,0.006567
sp,131,158,DVVDKIKGVATGRSGMHQDVPKEDVIIE,,,26.000000,3035.583000,ppiB_FD,0.000000,3037.434034,0.015206,0.000000,0.000000,6.647218,0.005858
sp,131,158,DVVDKIKGVATGRSGMHQDVPKEDVIIE,,,26.000000,3035.583000,ppiB_FD,0.167000,3052.878614,0.015561,15.444580,0.021758,6.680944,0.002290
sp,131,158,DVVDKIKGVATGRSGMHQDVPKEDVIIE,,,26.000000,3035.583000,ppiB_Native_30C_kinetics,0.000000,3037.423337,0.020788,0.000000,0.000000,6.644850,0.003946
sp,131,158,DVVDKIKGVATGRSGMHQDVPKEDVIIE,,,26.000000,3035.583000,ppiB_Native_30C_kinetics,0.167000,3042.157928,0.042238,4.734591,0.047076,6.685661,0.002234
sp,131,158,DVVDKIKGVATGRSGMHQDVPKEDVIIE,,,26.000000,3035.583000,ppiB_Native_30C_kinetics,0.500000,3043.048514,0.210101,5.625178,0.211127,6.658139,0.002473
sp,131,158,DVVDKIKGVATGRSGMHQDVPKEDVIIE,,,26.000000,3035.583000,ppiB_Native_30C_kinetics,1.000000,3042.952080,0.000000,5.528743,0.020788,6.683295,0.000000
sp,131,158,DVVDKIKGVATGRSGMHQDVPKEDVIIE,,,26.000000,3035.583000,ppiB_Native_30C_kinetics,5.000000,3044.295926,0.101340,6.872589,0.103450,6.648471,0.000643
sp,131,158,DVVDKIKGVATGRSGMHQDVPKEDVIIE,,,26.000000,3035.583000,ppiB_Native_30C_kinetics,10.000000,3045.045313,0.122193,7.621977,0.123949,6.649428,0.001656
sp,131,158,DVVDKIKGVATGRSGMHQDVPKEDVIIE,,,26.000000,3035.583000,ppiB_Native_30C_kinetics,30.000002,3046.204596,0.061197,8.781259,0.064632,6.683607,0.004560
sp,132,153,VVDKIKGVATGRSGMHQDVPKE,,,20.000000,2351.250000,ppiB_FD,0.000000,2352.702860,0.028414,0.000000,0.000000,4.628123,0.004139
sp,132,153,VVDKIKGVATGRSGMHQDVPKE,,,20.000000,2351.250000,ppiB_FD,0.167000,2363.378029,0.062589,10.675169,0.068737,4.732421,0.000706
sp,132,153,VVDKIKGVATGRSGMHQDVPKE,,,20.000000,2351.250000,ppiB_Native_30C_kinetics,0.000000,2352.704282,0.025665,0.000000,0.000000,4.630993,0.003928
sp,132,153,VVDKIKGVATGRSGMHQDVPKE,,,20.000000,2351.250000,ppiB_Native_30C_kinetics,0.167000,2356.984950,0.144599,4.280668,0.146859,4.697690,0.001263
sp,132,153,VVDKIKGVATGRSGMHQDVPKE,,,20.000000,2351.250000,ppiB_Native_30C_kinetics,0.500000,2357.560067,0.209967,4.855785,0.211529,4.666956,0.000739
sp,132,153,VVDKIKGVATGRSGMHQDVPKE,,,20.000000,2351.250000,ppiB_Native_30C_kinetics,1.000000,2357.499886,0.013959,4.795604,0.029215,4.638927,0.056356
sp,132,153,VVDKIKGVATGRSGMHQDVPKE,,,20.000000,2351.250000,ppiB_Native_30C_kinetics,5.000000,2358.556160,0.070183,5.851877,0.074729,4.665162,0.002305
sp,132,153,VVDKIKGVATGRSGMHQDVPKE,,,20.000000,2351.250000,ppiB_Native_30C_kinetics,10.000000,2359.140032,0.082028,6.435750,0.085950,4.661890,0.001000
sp,132,153,VVDKIKGVATGRSGMHQDVPKE,,,20.000000,2351.250000,ppiB_Native_30C_kinetics,30.000002,2359.601976,0.188882,6.897694,0.190617,4.696238,0.002039
sp,132,158,VVDKIKGVATGRSGMHQDVPKEDVIIE,,,25.000000,2920.556100,ppiB_FD,0.000000,2922.286661,0.027624,0.000000,0.000000,5.689676,0.004489
sp,132,158,VVDKIKGVATGRSGMHQDVPKEDVIIE,,,25.000000,2920.556100,ppiB_FD,0.167000,2936.233353,0.015864,13.946692,0.031855,5.776050,0.002102
sp,132,158,VVDKIKGVATGRSGMHQDVPKEDVIIE,,,25.000000,2920.556100,ppiB_Native_30C_kinetics,0.000000,2922.287159,0.025445,0.000000,0.000000,5.692302,0.005620
sp,132,158,VVDKIKGVATGRSGMHQDVPKEDVIIE,,,25.000000,2920.556100,ppiB_Native_30C_kinetics,0.167000,2927.012972,0.051262,4.725813,0.057229,5.756132,0.003975
sp,132,158,VVDKIKGVATGRSGMHQDVPKEDVIIE,,,25.000000,2920.556100,ppiB_Native_30C_kinetics,0.500000,2927.492289,0.171079,5.205130,0.172961,5.729363,0.001078
sp,132,158,VVDKIKGVATGRSGMHQDVPKEDVIIE,,,25.000000,2920.556100,ppiB_Native_30C_kinetics,1.000000,2927.501881,0.106177,5.214722,0.109183,5.747435,0.006598
sp,132,158,VVDKIKGVATGRSGMHQDVPKEDVIIE,,,25.000000,2920.556100,ppiB_Native_30C_kinetics,5.000000,2929.099440,0.017781,6.812281,0.031042,5.720207,0.000619
sp,132,158,VVDKIKGVATGRSGMHQDVPKEDVIIE,,,25.000000,2920.556100,ppiB_Native_30C_kinetics,10.000000,2929.872301,0.067703,7.585142,0.072327,5.720670,0.002536
sp,132,158,VVDKIKGVATGRSGMHQDVPKEDVIIE,,,25.000000,2920.556100,ppiB_Native_30C_kinetics,30.000002,2930.573429,0.124108,8.286270,0.126690,5.753903,0.004337
sp,132,161,VVDKIKGVATGRSGMHQDVPKEDVIIESVT,,,28.000000,3207.704200,ppiB_FD,0.000000,3209.618089,0.019190,0.000000,0.000000,6.386446,0.005416
sp,132,161,VVDKIKGVATGRSGMHQDVPKEDVIIESVT,,,28.000000,3207.704200,ppiB_FD,0.167000,3225.985148,0.127068,16.367060,0.128509,6.433070,0.002058
sp,132,161,VVDKIKGVATGRSGMHQDVPKEDVIIESVT,,,28.000000,3207.704200,ppiB_Native_30C_kinetics,0.000000,3209.635198,0.028931,0.000000,0.000000,6.387646,0.003835
sp,132,161,VVDKIKGVATGRSGMHQDVPKEDVIIESVT,,,28.000000,3207.704200,ppiB_Native_30C_kinetics,0.167000,3214.819779,0.080631,5.184581,0.085664,6.436172,0.004934
sp,132,161,VVDKIKGVATGRSGMHQDVPKEDVIIESVT,,,28.000000,3207.704200,ppiB_Native_30C_kinetics,0.500000,3215.492745,0.123731,5.857546,0.127068,6.410313,0.005230
sp,132,161,VVDKIKGVATGRSGMHQDVPKEDVIIESVT,,,28.000000,3207.704200,ppiB_Native_30C_kinetics,1.000000,3215.362187,0.116081,5.726989,0.119631,6.431030,0.003165
sp,132,161,VVDKIKGVATGRSGMHQDVPKEDVIIESVT,,,28.000000,3207.704200,ppiB_Native_30C_kinetics,5.000000,3216.985591,0.060320,7.350393,0.066899,6.404392,0.000687
sp,132,161,VVDKIKGVATGRSGMHQDVPKEDVIIESVT,,,28.000000,3207.704200,ppiB_Native_30C_kinetics,10.000000,3217.814184,0.107974,8.178986,0.111783,6.406183,0.002924
sp,132,161,VVDKIKGVATGRSGMHQDVPKEDVIIESVT,,,28.000000,3207.704200,ppiB_Native_30C_kinetics,30.000002,3218.772304,0.041664,9.137106,0.050723,6.433188,0.005925
sp,132,172,VVDKIKGVATGRSGMHQDVPKEDVIIESVTVSELEHHHHHH,,,39.000000,4587.327400,ppiB_FD,0.000000,4590.012995,0.022850,0.000000,0.000000,6.058059,0.004805
sp,132,172,VVDKIKGVATGRSGMHQDVPKEDVIIESVTVSELEHHHHHH,,,39.000000,4587.327400,ppiB_FD,0.167000,4609.584853,0.073714,19.571858,0.077175,6.131936,0.002616
sp,132,172,VVDKIKGVATGRSGMHQDVPKEDVIIESVTVSELEHHHHHH,,,39.000000,4587.327400,ppiB_Native_30C_kinetics,0.000000,4590.056193,0.026098,0.000000,0.000000,6.060088,0.004667
sp,132,172,VVDKIKGVATGRSGMHQDVPKEDVIIESVTVSELEHHHHHH,,,39.000000,4587.327400,ppiB_Native_30C_kinetics,0.167000,4597.873885,0.053556,7.817691,0.059577,6.110068,0.005401
sp,132,172,VVDKIKGVATGRSGMHQDVPKEDVIIESVTVSELEHHHHHH,,,39.000000,4587.327400,ppiB_Native_30C_kinetics,0.500000,4598.512185,0.109321,8.455992,0.112393,6.082004,0.004372
sp,132,172,VVDKIKGVATGRSGMHQDVPKEDVIIESVTVSELEHHHHHH,,,39.000000,4587.327400,ppiB_Native_30C_kinetics,1.000000,4598.476467,0.188766,8.420274,0.190561,6.106186,0.006009
sp,132,172,VVDKIKGVATGRSGMHQDVPKEDVIIESVTVSELEHHHHHH,,,39.000000,4587.327400,ppiB_Native_30C_kinetics,5.000000,4600.149553,0.082579,10.093360,0.086605,6.079055,0.001070
sp,132,172,VVDKIKGVATGRSGMHQDVPKEDVIIESVTVSELEHHHHHH,,,39.000000,4587.327400,ppiB_Native_30C_kinetics,10.000000,4600.913111,0.154807,10.856918,0.156992,6.075724,0.003303
sp,132,172,VVDKIKGVATGRSGMHQDVPKEDVIIESVTVSELEHHHHHH,,,39.000000,4587.327400,ppiB_Native_30C_kinetics,30.000002,4602.062821,0.071136,12.006628,0.075772,6.107445,0.005974
sp,147,158,HQDVPKEDVIIE,,,10.000000,1421.727100,ppiB_FD,0.000000,1422.543905,0.024417,0.000000,0.000000,6.010872,0.003103
sp,147,158,HQDVPKEDVIIE,,,10.000000,1421.727100,ppiB_FD,0.167000,1427.864182,0.068109,5.320278,0.072353,6.081731,0.003838
sp,147,158,HQDVPKEDVIIE,,,10.000000,1421.727100,ppiB_Native_30C_kinetics,0.000000,1422.548462,0.033826,0.000000,0.000000,6.013071,0.005208
sp,147,158,HQDVPKEDVIIE,,,10.000000,1421.727100,ppiB_Native_30C_kinetics,0.167000,1423.260582,0.133594,0.712119,0.137810,6.063218,0.009059
sp,147,158,HQDVPKEDVIIE,,,10.000000,1421.727100,ppiB_Native_30C_kinetics,0.500000,1423.586359,0.050751,1.037897,0.060991,6.042304,0.006025
sp,147,158,HQDVPKEDVIIE,,,10.000000,1421.727100,ppiB_Native_30C_kinetics,1.000000,1423.788972,0.016523,1.240510,0.037646,6.064256,0.002624
sp,147,158,HQDVPKEDVIIE,,,10.000000,1421.727100,ppiB_Native_30C_kinetics,5.000000,1424.293412,0.014644,1.744950,0.036860,6.040766,0.007957
sp,147,158,HQDVPKEDVIIE,,,10.000000,1421.727100,ppiB_Native_30C_kinetics,10.000000,1424.688820,0.021208,2.140358,0.039925,6.038295,0.001551
sp,147,158,HQDVPKEDVIIE,,,10.000000,1421.727100,ppiB_Native_30C_kinetics,30.000002,1425.215777,0.025694,2.667315,0.042478,6.071937,0.000279
