# <pandas_kwargs>{"comment": "#", "header": [0], "index_col": 0}</pandas_kwargs>
r_number,0.6,4.98,10.020000000000001,19.98,30.0,40.02,60.0,150.0,300.0,600.0,900.0,1200.0,1800.00012
1,0.0595467129710087,0.6339759686882223,0.6606676696990501,0.7656190068254294,0.8257925196630944,0.85043643148962,0.9224308366035715,0.9367928824799643,0.9729190165602452,0.9846650099844826,0.9781533231781364,0.9907033315708121,1.0
2,0.0595467129710087,0.6339759686882223,0.6606676696990501,0.7656190068254294,0.8257925196630944,0.85043643148962,0.9224308366035715,0.9367928824799643,0.9729190165602452,0.9846650099844826,0.9781533231781364,0.9907033315708121,1.0
3,0.0595467129710087,0.6339759686882223,0.6606676696990501,0.7656190068254294,0.8257925196630944,0.85043643148962,0.9224308366035715,0.9367928824799643,0.9729190165602452,0.9846650099844826,0.9781533231781364,0.9907033315708121,1.0
4,0.0595467129710087,0.6339759686882223,0.6606676696990501,0.7656190068254294,0.8257925196630944,0.85043643148962,0.9224308366035715,0.9367928824799643,0.9729190165602452,0.9846650099844826,0.9781533231781364,0.9907033315708121,1.0
5,,,,,,,,,,,,,
6,0.0595467129710087,0.6339759686882223,0.6606676696990501,0.7656190068254294,0.8257925196630944,0.85043643148962,0.9224308366035715,0.9367928824799643,0.9729190165602452,0.9846650099844826,0.9781533231781364,0.9907033315708121,1.0
7,0.0595467129710087,0.6339759686882223,0.6606676696990501,0.7656190068254294,0.8257925196630944,0.85043643148962,0.9224308366035715,0.9367928824799643,0.9729190165602452,0.9846650099844826,0.9781533231781364,0.9907033315708121,1.0
8,0.0595467129710087,0.6339759686882223,0.6606676696990501,0.7656190068254294,0.8257925196630944,0.85043643148962,0.9224308366035715,0.9367928824799643,0.9729190165602452,0.9846650099844826,0.9781533231781364,0.9907033315708121,1.0
9,0.056568406207794866,0.611981148425268,0.6569985329462413,0.7528559702894457,0.8162163045832621,0.8547814999860659,0.9262952865826268,0.9494829791212035,0.9723391818173915,0.9875553313355497,0.9879936453343766,0.99049610480798,0.9999999999999999
10,0.04899800691579279,0.6092712588083391,0.6555040562214577,0.7571098928811624,0.8192716002740045,0.8441799862653198,0.9192419824860408,0.9457458333528751,0.9705834315426202,0.9979891312179346,0.9939141132417068,0.9913681573773545,1.0
11,0.04899800691579279,0.6092712588083391,0.6555040562214577,0.7571098928811624,0.8192716002740045,0.8441799862653198,0.9192419824860408,0.9457458333528751,0.9705834315426202,0.9979891312179346,0.9939141132417068,0.9913681573773545,1.0
12,0.04899800691579279,0.6092712588083391,0.6555040562214577,0.7571098928811624,0.8192716002740045,0.8441799862653198,0.9192419824860408,0.9457458333528751,0.9705834315426202,0.9979891312179346,0.9939141132417068,0.9913681573773545,1.0
13,0.04899800691579279,0.6092712588083391,0.6555040562214577,0.7571098928811624,0.8192716002740045,0.8441799862653198,0.9192419824860408,0.9457458333528751,0.9705834315426202,0.9979891312179346,0.9939141132417068,0.9913681573773545,1.0
14,0.04899800691579279,0.6092712588083391,0.6555040562214577,0.7571098928811624,0.8192716002740045,0.8441799862653198,0.9192419824860408,0.9457458333528751,0.9705834315426202,0.9979891312179346,0.9939141132417068,0.9913681573773545,1.0
15,0.04899800691579279,0.6092712588083391,0.6555040562214577,0.7571098928811624,0.8192716002740045,0.8441799862653198,0.9192419824860408,0.9457458333528751,0.9705834315426202,0.9979891312179346,0.9939141132417068,0.9913681573773545,1.0
16,0.04988073666418421,0.6086364324692404,0.6569454613977455,0.7571182293235567,0.8186501660503301,0.8414431865261622,0.9190460014539751,0.9407926326242058,0.9699402343853881,1.0007017690339892,0.9933014808080193,0.9928124357608866,1.0
17,0.04988073666418421,0.6086364324692404,0.6569454613977455,0.7571182293235567,0.8186501660503301,0.8414431865261622,0.9190460014539751,0.9407926326242058,0.9699402343853881,1.0007017690339892,0.9933014808080193,0.9928124357608866,1.0
18,0.05358565003194358,0.609258136921938,0.6588207763141055,0.750207032316901,0.8100890898573699,0.8485362335487304,0.9207236484370527,0.9281158626794325,0.9699695018163356,0.9855579695241719,0.9838934016946772,0.9923704767035945,1.0
19,0.03653030196239067,0.48635341789109326,0.5442929206935795,0.6588429429928665,0.7409376957335283,0.7908141655748816,0.8877944241701469,0.9290701431695609,0.96765355791006,0.9878093968371313,0.9907192468814002,0.9898489343494031,0.9999999999999999
20,0.029252075617766327,0.43449619249029386,0.4978009063650171,0.6207338627835499,0.7160578199605324,0.7679268034975635,0.8758788741618087,0.9293200905467681,0.9702602912660256,0.9874530504348228,0.9960546841727835,0.9881238493753947,0.9999999999999998
21,0.025945603437586482,0.4302130774223757,0.4944089788240789,0.6172656259787705,0.7136743399444151,0.7657619902502187,0.8759340786330032,0.9260247135116946,0.970899772286846,0.9874883742977684,0.9971798539503665,0.9871260254417359,0.9999999999999999
22,0.023501213095008588,0.4176084962158487,0.48024698598599663,0.607805888154004,0.7053258999571365,0.7565220052207623,0.8734888631313971,0.9200699947954656,0.9667623103768398,0.9837726818597782,0.995643581999288,0.9816905516642619,0.9999999999999999
23,0.023501213095008588,0.4176084962158487,0.48024698598599663,0.607805888154004,0.7053258999571365,0.7565220052207623,0.8734888631313971,0.9200699947954656,0.9667623103768398,0.9837726818597782,0.995643581999288,0.9816905516642619,0.9999999999999999
24,0.023501213095008588,0.4176084962158487,0.48024698598599663,0.607805888154004,0.7053258999571365,0.7565220052207623,0.8734888631313971,0.9200699947954656,0.9667623103768398,0.9837726818597782,0.995643581999288,0.9816905516642619,0.9999999999999999
25,0.023501213095008588,0.4176084962158487,0.48024698598599663,0.607805888154004,0.7053258999571365,0.7565220052207623,0.8734888631313971,0.9200699947954656,0.9667623103768398,0.9837726818597782,0.995643581999288,0.9816905516642619,0.9999999999999999
26,,,,,,,,,,,,,
27,0.023501213095008588,0.4176084962158487,0.48024698598599663,0.607805888154004,0.7053258999571365,0.7565220052207623,0.8734888631313971,0.9200699947954656,0.9667623103768398,0.9837726818597782,0.995643581999288,0.9816905516642619,0.9999999999999999
28,0.023501213095008588,0.4176084962158487,0.48024698598599663,0.607805888154004,0.7053258999571365,0.7565220052207623,0.8734888631313971,0.9200699947954656,0.9667623103768398,0.9837726818597782,0.995643581999288,0.9816905516642619,0.9999999999999999
29,0.023501213095008588,0.4176084962158487,0.48024698598599663,0.607805888154004,0.7053258999571365,0.7565220052207623,0.8734888631313971,0.9200699947954656,0.9667623103768398,0.9837726818597782,0.995643581999288,0.9816905516642619,0.9999999999999999
30,0.023501213095008588,0.4176084962158487,0.48024698598599663,0.607805888154004,0.7053258999571365,0.7565220052207623,0.8734888631313971,0.9200699947954656,0.9667623103768398,0.9837726818597782,0.995643581999288,0.9816905516642619,0.9999999999999999
31,0.023501213095008588,0.4176084962158487,0.48024698598599663,0.607805888154004,0.7053258999571365,0.7565220052207623,0.8734888631313971,0.9200699947954656,0.9667623103768398,0.9837726818597782,0.995643581999288,0.9816905516642619,0.9999999999999999
32,0.025667577080676265,0.4277070194937128,0.49481753593329514,0.6151632261558857,0.7130778968419723,0.7662426164328111,0.8799948391231156,0.9214352628989881,0.9704949974782815,0.9913803829399498,0.9985357762365945,0.9854243983207807,1.0
33,0.044326538004925926,0.5190907121902735,0.5770188532299626,0.6805657513907845,0.756628345822427,0.8015723356600921,0.9084475902630208,0.9548233986183076,0.9704964575837945,0.9929234950776706,0.9942768645738802,0.9921222679031224,1.0000000000000002
34,0.05390040626191849,0.5135410962581991,0.568211619638569,0.6817248848408205,0.7571501789597014,0.8001658437756193,0.8977962440092622,0.9454296092633641,0.9680886916049891,0.9924098115421114,0.9920218269816584,0.98842018384597,1.0000000000000002
35,0.06385255740829812,0.5341043433670316,0.5833277818622157,0.6988597559481534,0.7673344556851972,0.8114696775130351,0.9057094319293123,0.9480609517881284,0.9677573541584101,0.9930108344988151,0.9902430618285245,0.9885884850450719,1.0
36,0.06385255740829812,0.5341043433670316,0.5833277818622157,0.6988597559481534,0.7673344556851972,0.8114696775130351,0.9057094319293123,0.9480609517881284,0.9677573541584101,0.9930108344988151,0.9902430618285245,0.9885884850450719,1.0
37,0.06385255740829812,0.5341043433670316,0.5833277818622157,0.6988597559481534,0.7673344556851972,0.8114696775130351,0.9057094319293123,0.9480609517881284,0.9677573541584101,0.9930108344988151,0.9902430618285245,0.9885884850450719,1.0
38,0.06385255740829812,0.5341043433670316,0.5833277818622157,0.6988597559481534,0.7673344556851972,0.8114696775130351,0.9057094319293123,0.9480609517881284,0.9677573541584101,0.9930108344988151,0.9902430618285245,0.9885884850450719,1.0
39,0.06385255740829812,0.5341043433670316,0.5833277818622157,0.6988597559481534,0.7673344556851972,0.8114696775130351,0.9057094319293123,0.9480609517881284,0.9677573541584101,0.9930108344988151,0.9902430618285245,0.9885884850450719,1.0
40,0.06385255740829812,0.5341043433670316,0.5833277818622157,0.6988597559481534,0.7673344556851972,0.8114696775130351,0.9057094319293123,0.9480609517881284,0.9677573541584101,0.9930108344988151,0.9902430618285245,0.9885884850450719,1.0
41,0.07760577441231674,0.44679886179046296,0.49714949420751425,0.6424109815465798,0.7104807498831317,0.7689103063539515,0.8519570622325834,0.9046860222809415,0.949846846550124,0.9958583388019461,0.9879407745769978,0.9982968649971782,1.0
42,0.04298381055793785,0.39822089011502865,0.45821277213586814,0.5936659427320928,0.6756639332059768,0.7393962268641094,0.8479045988993927,0.8982197537127654,0.9598472298319023,0.9889814139712516,0.9893133067055665,0.9923668596640809,1.0000000000000002
43,0.04298381055793785,0.39822089011502865,0.45821277213586814,0.5936659427320928,0.6756639332059768,0.7393962268641094,0.8479045988993927,0.8982197537127654,0.9598472298319023,0.9889814139712516,0.9893133067055665,0.9923668596640809,1.0000000000000002
44,0.04298381055793785,0.39822089011502865,0.45821277213586814,0.5936659427320928,0.6756639332059768,0.7393962268641094,0.8479045988993927,0.8982197537127654,0.9598472298319023,0.9889814139712516,0.9893133067055665,0.9923668596640809,1.0000000000000002
45,0.04298381055793785,0.39822089011502865,0.45821277213586814,0.5936659427320928,0.6756639332059768,0.7393962268641094,0.8479045988993927,0.8982197537127654,0.9598472298319023,0.9889814139712516,0.9893133067055665,0.9923668596640809,1.0000000000000002
46,0.04298381055793785,0.39822089011502865,0.45821277213586814,0.5936659427320928,0.6756639332059768,0.7393962268641094,0.8479045988993927,0.8982197537127654,0.9598472298319023,0.9889814139712516,0.9893133067055665,0.9923668596640809,1.0000000000000002
47,0.027699197752660214,0.3767750965994522,0.4410233162380176,0.5721463938240249,0.6602932984187377,0.7263665997983596,0.846115551541596,0.8953650799636039,0.9642621147589749,0.9859454471563629,0.9899192406218574,0.9897489308882653,1.0
48,0.013132094389339797,0.39442982986145103,0.44498963367922023,0.5768984586768915,0.6837547071250403,0.7218701850229956,0.8348504764638334,0.8728792417167812,0.967886074864946,0.9761949258745903,0.9956229794958393,0.9852000221417043,1.0
49,0.013132094389339797,0.39442982986145103,0.44498963367922023,0.5768984586768915,0.6837547071250403,0.7218701850229956,0.8348504764638334,0.8728792417167812,0.967886074864946,0.9761949258745903,0.9956229794958393,0.9852000221417043,1.0
50,0.013132094389339797,0.39442982986145103,0.44498963367922023,0.5768984586768915,0.6837547071250403,0.7218701850229956,0.8348504764638334,0.8728792417167812,0.967886074864946,0.9761949258745903,0.9956229794958393,0.9852000221417043,1.0
51,,,,,,,,,,,,,
52,0.013132094389339797,0.39442982986145103,0.44498963367922023,0.5768984586768915,0.6837547071250403,0.7218701850229956,0.8348504764638334,0.8728792417167812,0.967886074864946,0.9761949258745903,0.9956229794958393,0.9852000221417043,1.0
53,0.013132094389339797,0.39442982986145103,0.44498963367922023,0.5768984586768915,0.6837547071250403,0.7218701850229956,0.8348504764638334,0.8728792417167812,0.967886074864946,0.9761949258745903,0.9956229794958393,0.9852000221417043,1.0
54,0.02346352187174299,0.39046418285808243,0.4472039396340266,0.5727381122549331,0.6758023361076715,0.7211746450530754,0.8317353021232683,0.8792446844793722,0.9679959619944593,0.9791854099361954,0.9916596154054673,0.9867927975750147,1.0
55,0.0269591202252268,0.30226106186237717,0.38681838888654235,0.517690915462026,0.6221509781534841,0.6958724178334751,0.8352169776795123,0.9286870444060217,0.9803050435004381,0.9958799145322396,0.9973957753098064,0.9871737450809329,0.9999999999999999
56,0.024742541559061044,0.2781330274417197,0.37083420947092965,0.515222032696884,0.6140723904296314,0.6878004979417456,0.8235001431044973,0.9322900505746533,0.9798208349704088,0.9969779859171727,0.9887427783837608,0.9832603131865155,0.9999999999999998
57,0.024742541559061044,0.2781330274417197,0.37083420947092965,0.515222032696884,0.6140723904296314,0.6878004979417456,0.8235001431044973,0.9322900505746533,0.9798208349704088,0.9969779859171727,0.9887427783837608,0.9832603131865155,0.9999999999999998
58,0.024742541559061044,0.2781330274417197,0.37083420947092965,0.515222032696884,0.6140723904296314,0.6878004979417456,0.8235001431044973,0.9322900505746533,0.9798208349704088,0.9969779859171727,0.9887427783837608,0.9832603131865155,0.9999999999999998
59,0.024742541559061044,0.2781330274417197,0.37083420947092965,0.515222032696884,0.6140723904296314,0.6878004979417456,0.8235001431044973,0.9322900505746533,0.9798208349704088,0.9969779859171727,0.9887427783837608,0.9832603131865155,0.9999999999999998
60,0.024742541559061044,0.2781330274417197,0.37083420947092965,0.515222032696884,0.6140723904296314,0.6878004979417456,0.8235001431044973,0.9322900505746533,0.9798208349704088,0.9969779859171727,0.9887427783837608,0.9832603131865155,0.9999999999999998
61,0.017100451803739952,0.2623624253792351,0.3548660245071236,0.502913557550599,0.6065360940015192,0.6700024435060907,0.7967624681255219,0.9046562139758763,0.965015879620726,0.9918099591861838,0.9728254516300584,0.9791447607547552,1.0
62,0.020209788046986248,0.26365917890522117,0.3526945098159905,0.4993053685625323,0.6067349535029579,0.6693540955949376,0.7970348083665602,0.9013560791073936,0.9632687603731036,0.9907514465876532,0.9725293004805152,0.9787087137129464,1.0
63,0.020209788046986248,0.26365917890522117,0.3526945098159905,0.4993053685625323,0.6067349535029579,0.6693540955949376,0.7970348083665602,0.9013560791073936,0.9632687603731036,0.9907514465876532,0.9725293004805152,0.9787087137129464,1.0
64,0.034568393207514266,0.2774201533984756,0.3369624072572626,0.46987724847021967,0.6105133755902489,0.6685185542379968,0.8039828445908832,0.8790200445033347,0.9460591235032475,0.9855189653725116,0.9708597440844811,0.9858862091448934,1.0
65,0.03509786901543483,0.2759992970973558,0.33879325490197043,0.4726314616322225,0.6105349329495272,0.6691832450449742,0.8028750017760593,0.8833275152439746,0.9499392272885618,0.9804241135536427,0.9727379357434842,0.9847284507040118,0.9999999999999999
66,0.03353780821291188,0.2746235609644192,0.3391453347771881,0.47265799346841403,0.6093863635556045,0.6691513784947615,0.8008773604826388,0.8838089041172731,0.9529812807174461,0.9785902730342745,0.9743241733104918,0.9826844396081178,0.9999999999999999
67,0.03353780821291188,0.2746235609644192,0.3391453347771881,0.47265799346841403,0.6093863635556045,0.6691513784947615,0.8008773604826388,0.8838089041172731,0.9529812807174461,0.9785902730342745,0.9743241733104918,0.9826844396081178,0.9999999999999999
68,0.03353780821291188,0.2746235609644192,0.3391453347771881,0.47265799346841403,0.6093863635556045,0.6691513784947615,0.8008773604826388,0.8838089041172731,0.9529812807174461,0.9785902730342745,0.9743241733104918,0.9826844396081178,0.9999999999999999
69,,,,,,,,,,,,,
70,0.03353780821291188,0.2746235609644192,0.3391453347771881,0.47265799346841403,0.6093863635556045,0.6691513784947615,0.8008773604826388,0.8838089041172731,0.9529812807174461,0.9785902730342745,0.9743241733104918,0.9826844396081178,0.9999999999999999
71,,,,,,,,,,,,,
72,,,,,,,,,,,,,
73,0.03353780821291188,0.2746235609644192,0.3391453347771881,0.47265799346841403,0.6093863635556045,0.6691513784947615,0.8008773604826388,0.8838089041172731,0.9529812807174461,0.9785902730342745,0.9743241733104918,0.9826844396081178,0.9999999999999999
74,0.03353780821291188,0.2746235609644192,0.3391453347771881,0.47265799346841403,0.6093863635556045,0.6691513784947615,0.8008773604826388,0.8838089041172731,0.9529812807174461,0.9785902730342745,0.9743241733104918,0.9826844396081178,0.9999999999999999
75,0.03353780821291188,0.2746235609644192,0.3391453347771881,0.47265799346841403,0.6093863635556045,0.6691513784947615,0.8008773604826388,0.8838089041172731,0.9529812807174461,0.9785902730342745,0.9743241733104918,0.9826844396081178,0.9999999999999999
76,0.03353780821291188,0.2746235609644192,0.3391453347771881,0.47265799346841403,0.6093863635556045,0.6691513784947615,0.8008773604826388,0.8838089041172731,0.9529812807174461,0.9785902730342745,0.9743241733104918,0.9826844396081178,0.9999999999999999
77,0.03353780821291188,0.2746235609644192,0.3391453347771881,0.47265799346841403,0.6093863635556045,0.6691513784947615,0.8008773604826388,0.8838089041172731,0.9529812807174461,0.9785902730342745,0.9743241733104918,0.9826844396081178,0.9999999999999999
78,0.03353780821291188,0.2746235609644192,0.3391453347771881,0.47265799346841403,0.6093863635556045,0.6691513784947615,0.8008773604826388,0.8838089041172731,0.9529812807174461,0.9785902730342745,0.9743241733104918,0.9826844396081178,0.9999999999999999
79,0.03353780821291188,0.2746235609644192,0.3391453347771881,0.47265799346841403,0.6093863635556045,0.6691513784947615,0.8008773604826388,0.8838089041172731,0.9529812807174461,0.9785902730342745,0.9743241733104918,0.9826844396081178,0.9999999999999999
80,0.03353780821291188,0.2746235609644192,0.3391453347771881,0.47265799346841403,0.6093863635556045,0.6691513784947615,0.8008773604826388,0.8838089041172731,0.9529812807174461,0.9785902730342745,0.9743241733104918,0.9826844396081178,0.9999999999999999
81,0.03353780821291188,0.2746235609644192,0.3391453347771881,0.47265799346841403,0.6093863635556045,0.6691513784947615,0.8008773604826388,0.8838089041172731,0.9529812807174461,0.9785902730342745,0.9743241733104918,0.9826844396081178,0.9999999999999999
82,0.03353780821291188,0.2746235609644192,0.3391453347771881,0.47265799346841403,0.6093863635556045,0.6691513784947615,0.8008773604826388,0.8838089041172731,0.9529812807174461,0.9785902730342745,0.9743241733104918,0.9826844396081178,0.9999999999999999
83,0.03353780821291188,0.2746235609644192,0.3391453347771881,0.47265799346841403,0.6093863635556045,0.6691513784947615,0.8008773604826388,0.8838089041172731,0.9529812807174461,0.9785902730342745,0.9743241733104918,0.9826844396081178,0.9999999999999999
84,0.03353780821291188,0.2746235609644192,0.3391453347771881,0.47265799346841403,0.6093863635556045,0.6691513784947615,0.8008773604826388,0.8838089041172731,0.9529812807174461,0.9785902730342745,0.9743241733104918,0.9826844396081178,0.9999999999999999
85,0.03353780821291188,0.2746235609644192,0.3391453347771881,0.47265799346841403,0.6093863635556045,0.6691513784947615,0.8008773604826388,0.8838089041172731,0.9529812807174461,0.9785902730342745,0.9743241733104918,0.9826844396081178,0.9999999999999999
86,0.03353780821291188,0.2746235609644192,0.3391453347771881,0.47265799346841403,0.6093863635556045,0.6691513784947615,0.8008773604826388,0.8838089041172731,0.9529812807174461,0.9785902730342745,0.9743241733104918,0.9826844396081178,0.9999999999999999
87,0.03353780821291188,0.2746235609644192,0.3391453347771881,0.47265799346841403,0.6093863635556045,0.6691513784947615,0.8008773604826388,0.8838089041172731,0.9529812807174461,0.9785902730342745,0.9743241733104918,0.9826844396081178,0.9999999999999999
88,0.03353780821291188,0.2746235609644192,0.3391453347771881,0.47265799346841403,0.6093863635556045,0.6691513784947615,0.8008773604826388,0.8838089041172731,0.9529812807174461,0.9785902730342745,0.9743241733104918,0.9826844396081178,0.9999999999999999
89,0.03353780821291188,0.2746235609644192,0.3391453347771881,0.47265799346841403,0.6093863635556045,0.6691513784947615,0.8008773604826388,0.8838089041172731,0.9529812807174461,0.9785902730342745,0.9743241733104918,0.9826844396081178,0.9999999999999999
90,0.03901045118155066,0.27538468420518386,0.33798373072466353,0.47580242355074714,0.6149379713131193,0.672899332240654,0.8029972162765122,0.8867561007630673,0.9616944858287847,0.9826962671502761,0.9778460006638969,0.9793492558537431,1.0
91,0.04191480592327767,0.36486981161026816,0.3793996767394862,0.5110330368391753,0.6623286591982342,0.6905909034298778,0.8052479259514612,0.8473178941689941,0.9632306647482967,0.9882317484760723,0.9734607109116593,0.9910504728149468,1.0
92,0.042108809959984325,0.3658318812266985,0.3773547259069801,0.5086882799166729,0.6606432447977608,0.689090070739784,0.7978194740850064,0.8385784625350671,0.957853591313565,0.9787809543058691,0.9707028898579991,0.9804042094814125,1.0
93,0.042108809959984325,0.3658318812266985,0.3773547259069801,0.5086882799166729,0.6606432447977608,0.689090070739784,0.7978194740850064,0.8385784625350671,0.957853591313565,0.9787809543058691,0.9707028898579991,0.9804042094814125,1.0
94,0.02990745169583996,0.3590398457836,0.37679570497409676,0.4924691183602975,0.6394621993578902,0.6700905537048212,0.7732398209073037,0.8196785168898324,0.9411978987019206,0.9636542272032539,0.9519715031643683,0.9672985047800322,1.0
95,0.02990745169583996,0.3590398457836,0.37679570497409676,0.4924691183602975,0.6394621993578902,0.6700905537048212,0.7732398209073037,0.8196785168898324,0.9411978987019206,0.9636542272032539,0.9519715031643683,0.9672985047800322,1.0
96,0.02990745169583996,0.3590398457836,0.37679570497409676,0.4924691183602975,0.6394621993578902,0.6700905537048212,0.7732398209073037,0.8196785168898324,0.9411978987019206,0.9636542272032539,0.9519715031643683,0.9672985047800322,1.0
97,0.02990745169583996,0.3590398457836,0.37679570497409676,0.4924691183602975,0.6394621993578902,0.6700905537048212,0.7732398209073037,0.8196785168898324,0.9411978987019206,0.9636542272032539,0.9519715031643683,0.9672985047800322,1.0
98,0.02990745169583996,0.3590398457836,0.37679570497409676,0.4924691183602975,0.6394621993578902,0.6700905537048212,0.7732398209073037,0.8196785168898324,0.9411978987019206,0.9636542272032539,0.9519715031643683,0.9672985047800322,1.0
99,0.02990745169583996,0.3590398457836,0.37679570497409676,0.4924691183602975,0.6394621993578902,0.6700905537048212,0.7732398209073037,0.8196785168898324,0.9411978987019206,0.9636542272032539,0.9519715031643683,0.9672985047800322,1.0
100,0.02990745169583996,0.3590398457836,0.37679570497409676,0.4924691183602975,0.6394621993578902,0.6700905537048212,0.7732398209073037,0.8196785168898324,0.9411978987019206,0.9636542272032539,0.9519715031643683,0.9672985047800322,1.0
101,0.02990745169583996,0.3590398457836,0.37679570497409676,0.4924691183602975,0.6394621993578902,0.6700905537048212,0.7732398209073037,0.8196785168898324,0.9411978987019206,0.9636542272032539,0.9519715031643683,0.9672985047800322,1.0
102,0.02990745169583996,0.3590398457836,0.37679570497409676,0.4924691183602975,0.6394621993578902,0.6700905537048212,0.7732398209073037,0.8196785168898324,0.9411978987019206,0.9636542272032539,0.9519715031643683,0.9672985047800322,1.0
103,0.02990745169583996,0.3590398457836,0.37679570497409676,0.4924691183602975,0.6394621993578902,0.6700905537048212,0.7732398209073037,0.8196785168898324,0.9411978987019206,0.9636542272032539,0.9519715031643683,0.9672985047800322,1.0
104,,,,,,,,,,,,,
105,0.009809571452735411,0.353330678821165,0.4276747028457073,0.5469068842977719,0.651669224095791,0.7004000536622772,0.8149000534016825,0.9179162559005181,0.962236871863031,0.9723253368705851,0.9668174306808034,0.9917978434738091,0.9999999999999999
106,0.009809571452735411,0.353330678821165,0.4276747028457073,0.5469068842977719,0.651669224095791,0.7004000536622772,0.8149000534016825,0.9179162559005181,0.962236871863031,0.9723253368705851,0.9668174306808034,0.9917978434738091,0.9999999999999999
107,0.009809571452735411,0.353330678821165,0.4276747028457073,0.5469068842977719,0.651669224095791,0.7004000536622772,0.8149000534016825,0.9179162559005181,0.962236871863031,0.9723253368705851,0.9668174306808034,0.9917978434738091,0.9999999999999999
108,0.018771837790878994,0.35683865980965473,0.41766099026344305,0.5378569616798297,0.647614853185567,0.6920330202617827,0.8089936983434434,0.9081465663674889,0.9548513373049137,0.9689506967120303,0.9570814113110406,0.9891565077809946,1.0
109,0.018771837790878994,0.35683865980965473,0.41766099026344305,0.5378569616798297,0.647614853185567,0.6920330202617827,0.8089936983434434,0.9081465663674889,0.9548513373049137,0.9689506967120303,0.9570814113110406,0.9891565077809946,1.0
110,0.018771837790878994,0.35683865980965473,0.41766099026344305,0.5378569616798297,0.647614853185567,0.6920330202617827,0.8089936983434434,0.9081465663674889,0.9548513373049137,0.9689506967120303,0.9570814113110406,0.9891565077809946,1.0
111,0.036252504372488094,0.3731441880976495,0.41626589985474904,0.5400209226140268,0.6583267552739632,0.7100769235957934,0.8273849219358133,0.8954187540116285,0.9497383099394737,0.9620316028431835,0.9508812314207304,0.9900424785745192,1.0
112,0.05088076335020008,0.3572719313727875,0.3792274877367322,0.5205078534722947,0.6410335243285332,0.6762125757810521,0.7846595158551304,0.8592378609905206,0.9233720707297997,0.946864887851869,0.9274854222494558,0.9953741336601022,1.0
113,0.08992737991808566,0.4380647325726634,0.4162773791489439,0.5239205683008707,0.5896976027793175,0.6801608868336626,0.8148215091745621,0.9815565879738163,0.942356006252474,0.8926569943017453,0.8550234116953679,1.013715634079625,1.0
114,0.09674252227493868,0.5466061860191467,0.43047112174544344,0.556088430515235,0.6670362576395553,0.7006613281857896,0.8372733168420412,0.9188169342723854,0.9266229167167572,0.8738414990767687,0.8334319869968447,1.032033953601308,1.0
115,0.09674252227493868,0.5466061860191467,0.43047112174544344,0.556088430515235,0.6670362576395553,0.7006613281857896,0.8372733168420412,0.9188169342723854,0.9266229167167572,0.8738414990767687,0.8334319869968447,1.032033953601308,1.0
116,0.09674252227493868,0.5466061860191467,0.43047112174544344,0.556088430515235,0.6670362576395553,0.7006613281857896,0.8372733168420412,0.9188169342723854,0.9266229167167572,0.8738414990767687,0.8334319869968447,1.032033953601308,1.0
117,0.09674252227493868,0.5466061860191467,0.43047112174544344,0.556088430515235,0.6670362576395553,0.7006613281857896,0.8372733168420412,0.9188169342723854,0.9266229167167572,0.8738414990767687,0.8334319869968447,1.032033953601308,1.0
118,0.09674252227493868,0.5466061860191467,0.43047112174544344,0.556088430515235,0.6670362576395553,0.7006613281857896,0.8372733168420412,0.9188169342723854,0.9266229167167572,0.8738414990767687,0.8334319869968447,1.032033953601308,1.0
119,0.09674252227493868,0.5466061860191467,0.43047112174544344,0.556088430515235,0.6670362576395553,0.7006613281857896,0.8372733168420412,0.9188169342723854,0.9266229167167572,0.8738414990767687,0.8334319869968447,1.032033953601308,1.0
120,0.09674252227493868,0.5466061860191467,0.43047112174544344,0.556088430515235,0.6670362576395553,0.7006613281857896,0.8372733168420412,0.9188169342723854,0.9266229167167572,0.8738414990767687,0.8334319869968447,1.032033953601308,1.0
121,0.09674252227493868,0.5466061860191467,0.43047112174544344,0.556088430515235,0.6670362576395553,0.7006613281857896,0.8372733168420412,0.9188169342723854,0.9266229167167572,0.8738414990767687,0.8334319869968447,1.032033953601308,1.0
122,0.03006920731161141,0.4119292280777246,0.45602723124418976,0.5819902514269089,0.6731190000918648,0.7309580268754919,0.8225267959822736,0.9363418515306333,0.9399102032347609,0.9578826566712384,0.963007840399088,0.9901873212317908,1.0
123,0.02923717032007048,0.4514090811287884,0.49750956318910117,0.6212095806754785,0.7013132837517356,0.7608926378275861,0.8483245655955667,0.9600560716900745,0.9530721350417115,0.9678786274266767,0.9751752980424989,0.9893032456854147,0.9999999999999999
124,0.02923717032007048,0.4514090811287884,0.49750956318910117,0.6212095806754785,0.7013132837517356,0.7608926378275861,0.8483245655955667,0.9600560716900745,0.9530721350417115,0.9678786274266767,0.9751752980424989,0.9893032456854147,0.9999999999999999
125,0.02923717032007048,0.4514090811287884,0.49750956318910117,0.6212095806754785,0.7013132837517356,0.7608926378275861,0.8483245655955667,0.9600560716900745,0.9530721350417115,0.9678786274266767,0.9751752980424989,0.9893032456854147,0.9999999999999999
126,0.03275699421595637,0.5277376274628155,0.584914518469367,0.6971069788264826,0.7706940452730332,0.8234767419085346,0.9114509675382039,0.9623075816141757,0.9800974133692553,0.9820097053615328,0.9902862442089609,0.9873696391668099,1.0
127,0.011953060410248765,0.5286365924993216,0.582184320235222,0.6993581194417635,0.7852407071774334,0.8208772928055761,0.8880138549560787,0.9269042459628442,0.9696163332746816,0.9661539332918735,0.9766528000727408,0.9689147325275047,0.9999999999999999
128,0.011953060410248765,0.5286365924993216,0.582184320235222,0.6993581194417635,0.7852407071774334,0.8208772928055761,0.8880138549560787,0.9269042459628442,0.9696163332746816,0.9661539332918735,0.9766528000727408,0.9689147325275047,0.9999999999999999
129,0.011953060410248765,0.5286365924993216,0.582184320235222,0.6993581194417635,0.7852407071774334,0.8208772928055761,0.8880138549560787,0.9269042459628442,0.9696163332746816,0.9661539332918735,0.9766528000727408,0.9689147325275047,0.9999999999999999
130,0.011953060410248765,0.5286365924993216,0.582184320235222,0.6993581194417635,0.7852407071774334,0.8208772928055761,0.8880138549560787,0.9269042459628442,0.9696163332746816,0.9661539332918735,0.9766528000727408,0.9689147325275047,0.9999999999999999
131,0.011953060410248765,0.5286365924993216,0.582184320235222,0.6993581194417635,0.7852407071774334,0.8208772928055761,0.8880138549560787,0.9269042459628442,0.9696163332746816,0.9661539332918735,0.9766528000727408,0.9689147325275047,0.9999999999999999
132,0.011953060410248765,0.5286365924993216,0.582184320235222,0.6993581194417635,0.7852407071774334,0.8208772928055761,0.8880138549560787,0.9269042459628442,0.9696163332746816,0.9661539332918735,0.9766528000727408,0.9689147325275047,0.9999999999999999
133,0.011953060410248765,0.5286365924993216,0.582184320235222,0.6993581194417635,0.7852407071774334,0.8208772928055761,0.8880138549560787,0.9269042459628442,0.9696163332746816,0.9661539332918735,0.9766528000727408,0.9689147325275047,0.9999999999999999
134,0.026977355963384055,0.4251340345976745,0.4831235336580113,0.598672758912456,0.7094002900487447,0.7545039667122774,0.8519189707480617,0.9089735239817938,0.9633991221526781,0.9915372407047908,0.9825695385613954,0.9852936833667009,1.0
135,0.0372049590773742,0.41127884008571264,0.46553197635389776,0.5781012978699437,0.6896145684943275,0.7353249675936047,0.8259544949137237,0.8811238177319777,0.9525344569587786,0.9816316910552982,0.9802566799649228,0.9729191125858458,1.0
136,0.0372049590773742,0.41127884008571264,0.46553197635389776,0.5781012978699437,0.6896145684943275,0.7353249675936047,0.8259544949137237,0.8811238177319777,0.9525344569587786,0.9816316910552982,0.9802566799649228,0.9729191125858458,1.0
137,0.0372049590773742,0.41127884008571264,0.46553197635389776,0.5781012978699437,0.6896145684943275,0.7353249675936047,0.8259544949137237,0.8811238177319777,0.9525344569587786,0.9816316910552982,0.9802566799649228,0.9729191125858458,1.0
138,0.0372049590773742,0.41127884008571264,0.46553197635389776,0.5781012978699437,0.6896145684943275,0.7353249675936047,0.8259544949137237,0.8811238177319777,0.9525344569587786,0.9816316910552982,0.9802566799649228,0.9729191125858458,1.0
139,0.02481491180382786,0.42840228461930147,0.4737886864177447,0.583239655061885,0.703819033658833,0.7379930079877298,0.8277643091956394,0.8758740789381144,0.9518030241264367,0.9756826889700466,0.9701332798233955,0.9678031845060662,1.0
140,0.02481491180382786,0.42840228461930147,0.4737886864177447,0.583239655061885,0.703819033658833,0.7379930079877298,0.8277643091956394,0.8758740789381144,0.9518030241264367,0.9756826889700466,0.9701332798233955,0.9678031845060662,1.0
141,0.02481491180382786,0.42840228461930147,0.4737886864177447,0.583239655061885,0.703819033658833,0.7379930079877298,0.8277643091956394,0.8758740789381144,0.9518030241264367,0.9756826889700466,0.9701332798233955,0.9678031845060662,1.0
142,,,,,,,,,,,,,
143,0.02481491180382786,0.42840228461930147,0.4737886864177447,0.583239655061885,0.703819033658833,0.7379930079877298,0.8277643091956394,0.8758740789381144,0.9518030241264367,0.9756826889700466,0.9701332798233955,0.9678031845060662,1.0
144,0.02481491180382786,0.42840228461930147,0.4737886864177447,0.583239655061885,0.703819033658833,0.7379930079877298,0.8277643091956394,0.8758740789381144,0.9518030241264367,0.9756826889700466,0.9701332798233955,0.9678031845060662,1.0
145,0.02481491180382786,0.42840228461930147,0.4737886864177447,0.583239655061885,0.703819033658833,0.7379930079877298,0.8277643091956394,0.8758740789381144,0.9518030241264367,0.9756826889700466,0.9701332798233955,0.9678031845060662,1.0
146,0.02481491180382786,0.42840228461930147,0.4737886864177447,0.583239655061885,0.703819033658833,0.7379930079877298,0.8277643091956394,0.8758740789381144,0.9518030241264367,0.9756826889700466,0.9701332798233955,0.9678031845060662,1.0
147,0.02481491180382786,0.42840228461930147,0.4737886864177447,0.583239655061885,0.703819033658833,0.7379930079877298,0.8277643091956394,0.8758740789381144,0.9518030241264367,0.9756826889700466,0.9701332798233955,0.9678031845060662,1.0
148,,,,,,,,,,,,,
149,0.02481491180382786,0.42840228461930147,0.4737886864177447,0.583239655061885,0.703819033658833,0.7379930079877298,0.8277643091956394,0.8758740789381144,0.9518030241264367,0.9756826889700466,0.9701332798233955,0.9678031845060662,1.0
150,0.02481491180382786,0.42840228461930147,0.4737886864177447,0.583239655061885,0.703819033658833,0.7379930079877298,0.8277643091956394,0.8758740789381144,0.9518030241264367,0.9756826889700466,0.9701332798233955,0.9678031845060662,1.0
151,0.02481491180382786,0.42840228461930147,0.4737886864177447,0.583239655061885,0.703819033658833,0.7379930079877298,0.8277643091956394,0.8758740789381144,0.9518030241264367,0.9756826889700466,0.9701332798233955,0.9678031845060662,1.0
152,0.02481491180382786,0.42840228461930147,0.4737886864177447,0.583239655061885,0.703819033658833,0.7379930079877298,0.8277643091956394,0.8758740789381144,0.9518030241264367,0.9756826889700466,0.9701332798233955,0.9678031845060662,1.0
153,,,,,,,,,,,,,
154,0.02481491180382786,0.42840228461930147,0.4737886864177447,0.583239655061885,0.703819033658833,0.7379930079877298,0.8277643091956394,0.8758740789381144,0.9518030241264367,0.9756826889700466,0.9701332798233955,0.9678031845060662,1.0
155,0.02481491180382786,0.42840228461930147,0.4737886864177447,0.583239655061885,0.703819033658833,0.7379930079877298,0.8277643091956394,0.8758740789381144,0.9518030241264367,0.9756826889700466,0.9701332798233955,0.9678031845060662,1.0
156,,,,,,,,,,,,,
157,0.02481491180382786,0.42840228461930147,0.4737886864177447,0.583239655061885,0.703819033658833,0.7379930079877298,0.8277643091956394,0.8758740789381144,0.9518030241264367,0.9756826889700466,0.9701332798233955,0.9678031845060662,1.0
158,0.02481491180382786,0.42840228461930147,0.4737886864177447,0.583239655061885,0.703819033658833,0.7379930079877298,0.8277643091956394,0.8758740789381144,0.9518030241264367,0.9756826889700466,0.9701332798233955,0.9678031845060662,1.0
159,0.02481491180382786,0.42840228461930147,0.4737886864177447,0.583239655061885,0.703819033658833,0.7379930079877298,0.8277643091956394,0.8758740789381144,0.9518030241264367,0.9756826889700466,0.9701332798233955,0.9678031845060662,1.0
160,0.02481491180382786,0.42840228461930147,0.4737886864177447,0.583239655061885,0.703819033658833,0.7379930079877298,0.8277643091956394,0.8758740789381144,0.9518030241264367,0.9756826889700466,0.9701332798233955,0.9678031845060662,1.0
161,0.03349925036499443,0.4076488761205129,0.45833232713474065,0.5653825798986488,0.6729317707307949,0.7195733731610612,0.7975356184069263,0.8683299777462978,0.9378798570229318,0.9716261206153104,0.9785153747827121,0.9559461015909944,1.0
162,0.03349925036499443,0.4076488761205129,0.45833232713474065,0.5653825798986488,0.6729317707307949,0.7195733731610612,0.7975356184069263,0.8683299777462978,0.9378798570229318,0.9716261206153104,0.9785153747827121,0.9559461015909944,1.0
