State,PPiA_WT,PPiA_WT,PPiA_WT,PPiA_WT,PPiA_WT,PPiB_WT,PPiB_WT,PPiB_WT,PPiB_WT,PPiB_WT
Quantity,sequence,_deltaG,deltaG,covariance,pfact,sequence,_deltaG,deltaG,covariance,pfact
r_number,,,,,,,,,,
2,,33418.093102613304,,,572840.7591617443,V,37842.680958547535,37842.680958547535,1770.497850954705,3314386.6570453984
3,,33418.09038518511,,,572840.1415721119,T,31903.679424452206,31903.679424452206,21805.86675674178,314120.34308680386
4,,33418.0894792657,,,572839.9356840468,F,32062.428783903822,32062.428783903822,2264.383656336704,334540.7575659914
5,,33418.09717832611,,,572841.6854498332,H,33248.622854302244,33248.622854302244,2412.754067587001,535591.5278802577
6,,33418.0901579545,,,572840.0899294646,T,33248.62241890149,33248.62241890149,2019.1913734476495,535591.4353612252
7,,33418.0975166898,,,572841.7623498852,N,35292.43929362709,35292.43929362709,1179.9611897840246,1205005.8938802052
8,,33418.090325143494,,,572840.1279264676,H,34474.72750125338,34474.72750125338,1907.2002040633924,871154.2681540637
9,,33418.097596297164,,,572841.7804422854,G,33647.15118188817,33647.15118188817,2321.844251135955,627337.544816618
10,,33418.090335759036,,,572840.1303390594,D,33565.16272721865,33565.16272721865,1793.2224466829757,607259.6605747554
11,,33418.09756445202,,,572841.7732048259,I,27677.001373489144,27677.001373489144,6476.11760682954,58725.56901701392
12,,33418.09026676572,,,572840.1146589642,V,27629.90198449716,27629.90198449716,9506.424038461328,57638.3941916507
13,,33418.09740256371,,,572841.7364124024,I,27856.24995994722,27856.24995994722,5482.4376143109475,63053.947733716246
14,,33418.08993106705,,,572840.0383648115,K,31267.628915926613,31267.628915926613,4581.27952846077,244063.43783709654
15,,33418.10215999521,,,572842.8176368277,T,31713.770349770377,31713.770349770377,1266.333942342224,291322.6027077111
16,,33418.09944293994,,,572842.2001297317,F,31713.778302763694,31713.778302763694,2155.7361364447465,291323.52191556495
17,,33418.10487789406,,,572843.4353363125,D,30412.446008681633,30412.446008681633,630.3057519854485,173841.01168991762
18,,33418.10487821621,,,572843.4354095281,D,30400.18386661103,30400.18386661103,1172.8359263002897,172997.3450944872
19,,33418.110312831544,,,572844.6705417766,K,30445.10406398363,30445.10406398363,2222.450626049866,176108.09447788374
20,,33418.11574744898,,,572845.9056771655,A,30653.578739866778,30653.578739866778,755.5978021546719,191293.45292633807
21,,33418.11574777901,,,572845.9057521722,P,31358.25593336941,,,252998.54357645928
22,,33418.11574794485,,,572845.9057898633,E,28848.682327770846,28848.682327770846,1185.526106134649,93478.39441016655
23,,33418.12118305895,,,572847.1410407948,T,28044.167618625284,28044.167618625284,595.7258838099051,67934.60232739657
24,,33418.132050634515,,,572849.610947772,V,28788.26473320468,28788.26473320468,2160.9728701154336,91264.34019392135
25,A,36158.1093977325,36158.1093977325,1533.0113840533095,1698817.1202116637,K,29668.986196235524,29668.986196235524,1080.9223029624075,129435.07177639852
26,K,36158.10763383848,36158.10763383848,1566.097642145203,1698815.931361268,N,32088.50792030209,32088.50792030209,478.90233929863155,338020.11604606046
27,G,36772.47513516094,36772.47513516094,1545.5317632871377,2167722.1691266545,F,32220.807170766846,32220.807170766846,2699.9652597430413,356236.23263937194
28,D,37374.512355735045,37374.512355735045,1492.706420857628,2752557.3109062235,L,29820.461703625733,29820.461703625733,3303.573211269826,137452.18123511778
29,P,34115.35963174263,,,755396.4637583236,D,31538.34586291851,31538.34586291851,6944.5905394392385,271736.536606302
30,H,35098.98186768004,35098.98186768004,1508.359449853846,1115978.680975828,Y,30770.40912547943,30770.40912547943,1973.3648170011238,200368.90238113547
31,V,33947.71797490319,33947.71797490319,1585.3661683401385,706789.0393892669,C,35290.414856729905,35290.414856729905,2839.7262557621248,1204038.44670446
32,L,32369.429394715913,32369.429394715913,1591.3824480016744,377873.23139319295,R,35238.86234510712,35238.86234510712,3281.571412105522,1179662.3214627304
33,L,32369.4264994189,32369.4264994189,1432.3023197442897,377872.7973357148,E,32495.673604132982,32495.673604132982,2956.2113819553183,397281.52494208433
34,T,34562.57321411062,34562.57321411062,1108.3944751684303,902051.0963148031,G,31145.972090539002,31145.972090539002,4086.7501191987517,232563.1505226482
35,T,19352.998888153386,19352.998888153386,1312.6178258537789,2160.6159406033253,F,31145.97578098487,31145.97578098487,2337.9150139475046,232563.49103141818
36,S,18847.432057182916,18847.432057182916,1090.7956418457547,1767.9376778100884,Y,31145.9794380171,31145.9794380171,6204.208979841378,232563.82845768204
37,A,19486.9444668316,19486.9444668316,6129.711149540065,2278.540675296895,N,35577.60649403889,35577.60649403889,4275.023753992448,1349349.0355068445
38,G,21973.270949617283,21973.270949617283,6843.585251728203,6110.2364440818965,N,36530.776976028785,36530.776976028785,2537.854624216149,1969510.627384635
39,N,18591.731574343838,18591.731574343838,939.9485744838366,1597.3828600787176,T,33894.51999674605,33894.51999674605,4275.015433369737,692027.9587289767
40,I,29764.830818605686,29764.830818605686,2522.7268651580634,134451.69263239423,I,29834.252712639056,29834.252712639056,8459.086308547336,138206.30838742282
41,E,24901.253361506788,24901.253361506788,2673.6067725232388,19523.507254497617,F,29834.258624839975,29834.258624839975,4891.728583021372,138206.63256711306
42,L,32375.6003835678,32375.6003835678,1316.2773001823225,378799.50839189946,H,31812.029656454408,31812.029656454408,3952.6772421845044,302903.67573467037
43,E,32686.46051175971,32686.46051175971,1640.9907288254221,428520.4025039848,R,16238.506416696373,16238.506416696373,939.3320598885309,627.9738109545766
44,L,30637.61703332855,30637.61703332855,2321.2971886045434,190085.88026501064,V,11499.741964115441,11499.741964115441,947.3227982939511,95.81615463004162
45,D,26076.992437387973,26076.992437387973,7848.845500246373,31127.273024990183,I,9950.446553574999,9950.446553574999,1088.1360464834083,51.81919544248791
46,K,33112.36677329649,33112.36677329649,485.91929725646014,507406.9161438293,N,29146.864251710973,29146.864251710973,869.984544775423,105217.71125680317
47,Q,34448.9816424845,34448.9816424845,839.2512785161806,862301.1850940586,G,18016.327288630146,18016.327288630146,1065.046566851933,1271.3502145178086
48,K,34451.34910094449,34451.34910094449,870.4948003892752,863111.4995164571,F,16398.387137939673,16398.387137939673,1316.5100237375152,669.0975537577366
49,A,34451.34781513268,34451.34781513268,925.3534576106041,863111.0592126441,M,28517.640560458058,28517.640560458058,1114.704142578845,81973.18171710733
50,P,31358.266576884263,,,252999.61192325313,I,28586.769980035493,28586.769980035493,3617.533611197328,84252.5376934295
51,V,29849.395088937094,29849.395088937094,8540.84125633738,139039.09806655475,Q,30933.448265789662,30933.448265789662,3069.70970774237,213758.02769490686
52,S,33828.54028750848,33828.54028750848,609.004265573875,674147.8385737255,G,32607.394546879947,32607.394546879947,2603.776985655976,415286.879376638
53,V,32572.929044778153,32572.929044778153,7068.161999650778,409646.93016649666,G,32607.399203221416,32607.399203221416,2858.846511969673,415287.64656441536
54,Q,33504.06145677967,33504.06145677967,951.7669093129645,592715.8038902025,G,32607.394654473315,32607.394654473315,2858.839303657707,415286.8971039129
55,N,36498.25364477784,36498.25364477784,609.0021545016255,1944260.5522733598,F,31553.28702102363,31553.28702102363,3141.7660766249764,273352.116270074
56,F,36353.06780212989,36353.06780212989,1753.616406941095,1835432.9540205242,E,30967.216607929127,30967.216607929127,2176.42156359477,216641.08221241256
57,V,33552.5407439609,33552.5407439609,1436.4623618345124,604226.3049695194,P,25526.17056341661,,,25016.86448565892
58,D,35659.300245563674,35659.300245563674,1177.20974957854,1393799.7175642545,G,29751.43259089585,29751.43259089585,2241.8536169456793,133738.8919519698
59,Y,33424.34681795144,33424.34681795144,1135.5183789088376,574263.805823229,M,31953.289869431843,31953.289869431843,1962.8927937678275,320364.2791835838
60,V,32167.17721425555,32167.17721425555,1119.8862734087115,348736.5709884386,K,31968.415985638996,31968.415985638996,2526.3763238090264,322292.6189143572
61,N,22529.4415351935,22529.4415351935,477.89577275778396,7618.821762039724,Q,32109.721943548422,32109.721943548422,1997.7577534587372,340877.0666386918
62,S,20135.686316765292,20135.686316765292,1245.7095126897184,2947.385070139763,K,32249.305066277873,32249.305066277873,2244.231182370218,360286.80662779626
63,G,19326.9083585983,19326.9083585983,1058.9705542305205,2138.3663043987003,A,32249.309532073796,32249.309532073796,2514.45124516513,360287.4449733811
64,F,18798.690205619547,18798.690205619547,797.1461579657266,1734.07784551975,T,31446.74865903971,31446.74865903971,2953.570314064469,262038.7826646449
65,Y,21645.34443244297,21645.34443244297,1122.934920013767,5364.822168036009,K,31652.221125084914,31652.221125084914,1731.475419160329,284294.90218795027
66,N,36889.75758169537,36889.75758169537,1513.9799351122676,2270971.705192813,E,31360.53294663316,31360.53294663316,2222.659220950595,253227.2024220824
67,N,37636.426106286344,37636.426106286344,1053.396927027899,3053970.695651197,P,26094.726729837228,,,31347.054920200164
68,T,35206.67161125319,35206.67161125319,1513.9787273076645,1164692.1594177117,I,29080.97903422176,29080.97903422176,1736.641748486252,102503.01443558618
69,T,34510.22144984599,34510.22144984599,1513.9779382273823,883508.5945312472,K,31231.204689869253,31231.204689869253,1318.6008926444788,240561.83344228796
70,F,34081.21172216255,34081.21172216255,1964.120137040922,745231.4319430826,N,24224.29144103718,24224.29144103718,1371.4182080336225,14925.034545633973
71,H,33470.482875166505,33470.482875166505,1084.3364900659435,584871.98666851,E,28583.47029853441,28583.47029853441,1448.762450279834,84142.31297101553
72,R,36039.46230608474,36039.46230608474,460.9684701565808,1620702.8381256785,A,30756.772278818862,30756.772278818862,1178.455297659132,199287.7716451954
73,V,32031.62367964851,32031.62367964851,600.8852232131053,330476.99093302875,N,21300.635906896354,21300.635906896354,1083.644833161542,4679.086314049045
74,I,29842.637620064586,29842.637620064586,617.2344923158837,138666.83735556866,N,18890.063140916882,18890.063140916882,1070.9282573735409,1798.0940762582782
75,P,29923.383189944914,,,143180.97164652415,G,21383.051289632556,21383.051289632556,1172.5927886763602,4834.610210881106
76,G,33250.41568697272,33250.41568697272,600.8859894914452,535972.6254356545,L,29008.127967941924,29008.127967941924,1161.7452533961869,99582.7667748629
77,F,34411.16710246835,34411.16710246835,600.8864442719529,849460.9686972601,K,26693.968123176728,26693.968123176728,2414.108283548405,39760.127347164234
78,M,35385.61345453615,35385.61345453615,859.9060823370785,1250383.8279233503,N,17299.472062514913,17299.472062514913,1042.8538239116895,956.6409686191294
79,I,33901.72840486058,33901.72840486058,1934.9226167580084,694009.9074456276,T,16733.171639129152,16733.171639129152,1437.0795694222866,764.1414850910614
80,Q,35767.788957783996,35767.788957783996,1505.326481686212,1455101.5069242779,R,16151.474968154365,16151.474968154365,1130.151066295803,606.6605611084566
81,G,37438.587017759666,37438.587017759666,1418.9787020711706,2823427.3635161947,G,15811.92272767546,15811.92272767546,1177.7003464789477,530.2002537126298
82,G,37438.589834958926,37438.589834958926,1468.0029822886702,2823430.51926677,T,15811.915333461156,15811.915333461156,1405.1146559670674,530.1986983216718
83,G,37438.59294057881,37438.59294057881,1468.0038730679053,2823433.998102434,L,18312.18934184598,18312.18934184598,1335.3579632545166,1429.6939734483515
84,F,36320.840917711044,36320.840917711044,1497.296502186405,1812114.9348852108,A,15753.430587837882,15753.430587837882,1550.4717758063427,518.0379387512445
85,T,13346.73388265115,13346.73388265115,1036.2567361668484,199.37962590960296,M,15351.786088501689,15351.786088501689,1804.325155836266,441.7301675242236
86,E,13346.731567122553,13346.731567122553,1202.8069018614328,199.37944274608824,A,16176.161701098117,16176.161701098117,2991.50117386642,612.6315485441623
87,Q,12815.022886971537,12815.022886971537,1077.3666301582819,161.46018186635152,R,18581.01312816037,18581.01312816037,784.8314285047595,1590.6044785198549
88,M,14510.651543084716,14510.651543084716,1122.372170681147,316.39320633111083,T,17816.595378780996,17816.595378780996,830.2285339529299,1174.494036570258
89,Q,14633.981256977873,14633.981256977873,986.0762206783317,332.25935325668905,Q,16799.7947293814,16799.7947293814,2206.827170822674,784.6087170548154
90,Q,22250.791935144818,22250.791935144818,1711.086037817297,6821.434025394734,A,16799.792555719407,16799.792555719407,1845.0366284220538,784.6080404217829
91,K,34749.87243989975,34749.87243989975,1320.2939736877875,971635.4150096722,P,17288.66918644994,,,952.5496221278779
92,K,36881.31466738449,36881.31466738449,1211.7582669141589,2263377.4501030883,H,19427.30312212711,19427.30312212711,1430.774966727571,2225.258199217504
93,P,21842.89713824907,,,5802.220540067942,S,18207.100639150012,18207.100639150012,1260.8906568730038,1371.311126125991
94,N,21516.12867381961,21516.12867381961,1048.0558404574442,5096.723604417841,A,18995.259149637146,18995.259149637146,787.9655001958705,1874.7267930913297
95,P,19772.9369436717,,,2552.314073176555,T,22955.460848612365,22955.460848612365,836.9915047861487,9021.778726742363
96,P,17866.24344597089,,,1197.857954816897,A,23351.751711449164,23351.751711449164,945.7877915095637,10557.819449390803
97,I,31633.051562406483,31633.051562406483,1333.205875290268,282140.93501081475,Q,23620.62861553422,23620.62861553422,834.2811926757398,11746.338110419727
98,K,32376.14705234201,32376.14705234201,1276.1216453014665,378881.6737994746,F,21913.598028836208,21913.598028836208,956.9494442910727,5967.277020533022
99,N,21363.260696119403,21363.260696119403,816.5744510256856,4796.798645834963,F,17287.59678706464,17287.59678706464,2133.338902913599,952.1444309114349
100,E,35059.921307042765,35059.921307042765,1313.3017008157728,1098817.7108589606,I,28226.07626588656,28226.07626588656,1886.186878447976,73018.7547924859
101,A,36321.19845334892,36321.19845334892,1320.463198131164,1812372.0005785841,N,32729.583734262324,32729.583734262324,1363.2817197140125,435914.9461794901
102,D,33003.14729014954,33003.14729014954,4350.889587665635,485889.5404542539,V,29520.541390869435,29520.541390869435,1559.3918375569697,122032.21673912733
103,N,18890.04511680973,18890.04511680973,1058.8531708231137,1798.0812182748903,V,27348.418906125502,27348.418906125502,1676.7672899709028,51547.965106688534
104,G,22059.11288294381,22059.11288294381,1243.2689896646589,6321.917573439556,D,27396.480643764615,27396.480643764615,1573.4783423075905,52540.318602849205
105,L,34802.34287026922,34802.34287026922,1319.5859665194155,992074.1705763105,N,29161.30408968586,29161.30408968586,1480.0245967801052,105822.22199512603
106,R,33190.68300895986,33190.68300895986,1275.4700661422978,523420.22042412293,D,29045.415931567823,29045.415931567823,1380.6977450475983,101066.91565670993
107,N,18408.932062442273,18408.932062442273,905.4625600477901,1485.6350484647533,F,17881.04635799869,17881.04635799869,568.829938637379,1204.913598465265
108,T,24373.494669570922,24373.494669570922,871.7354611045963,15835.197779265547,L,17174.12997743792,17174.12997743792,965.1358056360742,910.2321535805056
109,R,16524.454929633368,16524.454929633368,881.0720859177093,703.414451441537,N,17110.08911468584,17110.08911468584,3404.5034542564654,887.3965729886733
110,G,17619.85358168546,17619.85358168546,1660.6628509420277,1086.3046446450674,F,16315.249315327237,16315.249315327237,3923.5336560184032,647.3878661451652
111,T,18541.41080683487,18541.41080683487,796.2512980788242,1565.8083569732053,S,16612.29872275669,16612.29872275669,13498.763208674247,728.3615738451539
112,I,34010.261043416554,34010.261043416554,1304.0127239971553,724546.3237949103,G,16033.101450563108,16033.101450563108,2873.281668023182,578.8281763471832
113,A,17390.534931674614,17390.534931674614,764.9405606833585,991.8348661176308,E,15333.239284976255,15333.239284976255,2451.067679360858,438.49171511271146
114,M,19567.700365544988,19567.700365544988,1578.3919969530623,2352.7255034996947,S,15268.13472550932,15268.13472550932,1461.0523738086222,427.3106221012181
115,A,18227.922503882273,18227.922503882273,1510.471051292167,1382.6863232504145,L,14682.351033894478,14682.351033894478,1106.672078864084,338.697091764881
116,R,18581.018159017818,18581.018159017818,991.2950208007927,1590.607653294389,Q,14672.488456124825,14672.488456124825,2099.6727104630004,337.37439359550007
117,T,18650.384016635388,18650.384016635388,993.6827936520848,1634.9896405099191,G,17713.560864321185,17713.560864321185,889.0122148935624,1127.450988552696
118,A,18650.384722209503,18650.384722209503,1016.5737923862413,1634.9900981941494,W,18552.53940297438,18552.53940297438,516.5049563043486,1572.7369703567415
119,D,18650.397949668542,18650.397949668542,990.083412006586,1634.998678463752,G,18489.74971061513,18489.74971061513,647.9580580654244,1534.0420015911382
120,K,18263.373226921074,18263.373226921074,1259.6926587978073,1402.270923768748,Y,23245.815094125835,23245.815094125835,973.7215979454221,10123.275259987742
121,D,19021.919469908098,19021.919469908098,995.4127602227578,1894.6615268845405,C,28131.636159617636,28131.636159617636,1207.8522018249823,70333.48216864136
122,S,19468.13451812806,19468.13451812806,1005.0228014612276,2261.599905426056,V,25311.822998997457,25311.822998997457,2353.8320980982758,22977.362288634493
123,A,19224.073996440362,19224.073996440362,1017.2611892197307,2052.8794385727083,F,23378.41455113303,,,10670.095710433288
124,T,19501.75128349281,19501.75128349281,1390.1708444760536,2291.965325555972,A,31048.966250855177,31048.966250855177,2784.526614628012,223782.7033664951
125,S,20507.059310343033,20507.059310343033,1061.0547782416402,3415.2737344344864,E,30609.44762546453,30609.44762546453,1469.1465093536362,187973.30960587834
126,Q,20457.32828975432,20457.32828975432,1005.3781419717805,3348.5494726353795,V,27724.055057546226,27724.055057546226,1734.4481321354633,59832.16517258602
127,F,19758.98685943283,19758.98685943283,1419.0825014671898,2538.2270923966353,V,27724.062183168273,27724.062183168273,1713.6993644570932,59832.33432038784
128,F,22068.53189463189,,,6345.586257985218,D,31566.80132852691,31566.80132852691,1434.3718079141022,274821.6828833843
129,I,32300.14933659074,32300.14933659074,2011.8337559477905,367628.33177722164,G,31614.286820708097,31614.286820708097,1805.1109570633712,280048.2622199949
130,N,37297.835524362206,37297.835524362206,1656.63090474139,2670082.809908238,M,32638.20693352771,32638.20693352771,1407.536354339688,420394.73987054196
131,V,34424.73959544871,34424.73959544871,1830.1635503948578,854047.4656701372,D,32638.20962535513,32638.20962535513,1737.1686499782097,420395.1888360333
132,A,35394.65873140314,35394.65873140314,1735.3406529618642,1254879.0686295528,V,28588.036746043832,28588.036746043832,1933.1976075185048,84294.89192167096
133,D,36789.49671910299,36789.49671910299,1735.340743644748,2182410.724731128,V,27849.585068175063,27849.585068175063,1076.445943871521,62887.43802434131
134,N,37827.35638125506,37827.35638125506,1699.1657250536484,3294296.6378044034,D,12887.54320074026,12887.54320074026,892.8697761846817,166.17316693289274
135,A,37827.352065513835,37827.352065513835,1688.8778638907074,3294290.997195744,K,16906.191522066216,16906.191522066216,414.9879364110745,818.4376569376066
136,F,14569.020668751666,14569.020668751666,1023.8012389347962,323.80557255487406,I,28778.135871747567,28778.135871747567,1028.2087523993566,90898.32621889225
137,L,15131.542948123619,15131.542948123619,646.2067126699175,404.7701997529145,K,17401.211424791454,17401.211424791454,369.9204303240439,996.0450043735829
138,D,14576.682883114338,14576.682883114338,858.5682284909806,324.79141414693214,G,13632.23138907579,13632.23138907579,893.4741199406062,223.29182399424593
139,H,14639.518361246863,14639.518361246863,892.1880371030127,332.990063636154,V,29196.060811635292,29196.060811635292,1023.2493299186019,107291.55999677996
140,G,15891.766252397083,15891.766252397083,1422.5641749975184,547.2644039918478,A,12264.165622540704,12264.165622540704,899.4172538009138,129.76307858424087
141,Q,15891.76152112008,15891.76152112008,1439.7682853702054,547.2633767246721,T,12420.290846432477,12420.290846432477,946.9419332583158,138.0549449903112
142,R,15891.763282260023,15891.763282260023,2256.4432813770472,547.2637591077347,G,19137.256787980776,19137.256787980776,416.6234849323053,1983.373878849539
143,D,16058.29680268281,16058.29680268281,2594.4253054152864,584.6431903165659,R,18456.263824116286,18456.263824116286,546.0353821530192,1513.7966356943186
144,F,14061.538751417016,14061.538751417016,565.4392796373668,264.75472475159955,S,15956.244279861965,15956.244279861965,1032.3937395266762,561.4446544960603
145,G,15136.157851190164,15136.157851190164,1002.2736372895689,405.5119829612831,G,14563.216916584439,14563.216916584439,911.3171341454197,323.06083798467455
146,Y,36611.68693900493,36611.68693900493,1162.4527672522236,2033758.3487873375,M,14490.484706917123,14490.484706917123,854.8849673401744,313.87183437228555
147,A,37885.05340084679,37885.05340084679,1326.5130995223842,3370575.549565783,H,14221.869375360537,14221.869375360537,869.7435664533484,282.1429146772089
148,V,34271.559284467316,34271.559284467316,1501.2731070746274,803690.062736528,Q,35957.9879529241,35957.9879529241,1798.1002203406092,1569152.4036048437
149,F,35754.39705506225,35754.39705506225,1408.8557379666906,1447390.8638891454,D,35957.98709129855,35957.98709129855,1827.4954751962828,1569151.8672010223
150,G,37020.00843118239,37020.00843118239,2757.398603443196,2391411.539751878,V,29511.780139847076,29511.780139847076,1948.92361893809,121608.77438968372
151,K,37122.988429192366,37122.988429192366,4215.025168925929,2491139.634755045,P,25773.139776766267,,,27592.203500931646
152,V,33374.97926463934,33374.97926463934,4117.387918123223,563125.6023624868,K,32766.063820896317,32766.063820896317,1879.3233741778256,442269.9009794375
153,V,32303.955990026603,32303.955990026603,4121.288716958505,368183.9654351099,E,34046.16529677033,34046.16529677033,1763.645834704921,734941.1486093773
154,K,35696.48633044162,35696.48633044162,4117.378781034464,1414515.2759595423,D,33483.54199740941,33483.54199740941,2178.8145806263383,587910.1323741089
155,G,37263.49852934852,37263.49852934852,4117.3759831289335,2633955.099826309,V,28872.444967830237,28872.444967830237,2246.913019014337,94363.84222486588
156,M,37598.887528664,37598.887528664,4127.4741361682245,3008824.5236762515,I,28790.724442722196,28790.724442722196,1858.156213220382,91353.44581611523
157,D,37598.88034059061,37598.88034059061,4210.938604582741,3008815.943089504,I,28770.35304621473,28770.35304621473,2004.106208198916,90618.08559281898
158,V,31677.231326628847,31677.231326628847,1587.7581441410036,287129.88841098436,E,31866.720433461192,31866.720433461192,1857.5103338241445,309547.9429199849
159,A,25035.41251832499,25035.41251832499,3112.2291061282067,20590.829768518604,S,32764.703694137374,32764.703694137374,1272.2800334199972,442031.30790146213
160,D,16167.555801626664,16167.555801626664,835.8347930013816,610.543393848643,V,30191.472755833693,30191.472755833693,1339.7005740616648,159249.43911040734
161,K,18668.130129973433,18668.130129973433,671.4325582943353,1646.5416157344448,T,30535.383588493347,30535.383588493347,1278.8856550328617,182530.20461691348
162,I,28672.07768290013,28672.07768290013,1939.087988540667,87152.88222422179,V,25655.72229191767,25655.72229191767,1320.4357479520634,26336.31529189086
163,S,20278.499292106462,20278.499292106462,480.62436311869834,3119.2053509495013,S,23710.938299726575,23710.938299726575,796.7617799358345,12174.835917213486
164,Q,17588.31001941224,17588.31001941224,821.7759069275027,1072.794626668558,E,24266.970092561187,24266.970092561187,798.9345902161415,15179.90312132121
165,V,29205.86180386908,29205.86180386908,2520.942455223575,107709.57174766512,L,24292.632174589646,24292.632174589646,1292.4612229999586,15335.24259604497
166,P,25329.131692487445,,,23135.6928398938,E,22964.133177683645,22964.133177683645,764.3458207024149,9052.873221906324
167,T,26407.57491956615,26407.57491956615,1632.4229187348133,35489.62341300762,H,24268.640497940116,24268.640497940116,773.9421604378542,15189.966481986688
168,H,20157.73127178246,20157.73127178246,4005.4415553436947,2973.2764339714104,H,25624.15063167494,25624.15063167494,797.582487395032,26008.48915897431
169,D,17935.484395218606,17935.484395218606,885.5268346292202,1231.2202130965927,H,25624.1493395701,25624.1493395701,797.5824965829244,26008.475826185204
170,V,29890.398014226656,29890.398014226656,886.062887124137,141319.42583600283,H,25624.1493395701,25624.1493395701,797.5824965829245,26008.475826185204
171,G,19306.961887004618,19306.961887004618,744.8661877050706,2121.510901288466,H,25624.15063167494,25624.15063167494,797.5824873950319,26008.48915897431
172,P,25469.41415625554,,,24459.83838834749,H,19876.196701187266,19876.196701187266,1129.929955427138,2659.0473408223042
173,Y,32054.862936613186,32054.862936613186,887.1253229406717,333538.07559972507,,19030.852608022204,,,1901.3884080771836
174,Q,33221.27858802525,33221.27858802525,1248.1944804164646,529812.5025607912,,19030.84717324014,,,1901.3843082953251
175,N,21571.419743867187,21571.419743867187,2207.8603621293505,5209.762116628191,,19030.847173232778,,,1901.3843082897708
176,V,31713.212567946342,31713.212567946342,876.7827086462174,291258.14145679405,,19030.84173844841,,,1901.3802085150128
177,P,26709.004138116732,,,39998.022052315275,,19030.836303649685,,,1901.376108738265
178,S,25552.766486366472,25552.766486366472,3760.329968668917,25282.233050917588,,19030.836303621654,,,1901.37610871712
179,K,20644.97828586283,20644.97828586283,414.26349709774064,3607.3589238934424,,19030.83630356725,,,1901.376108676078
180,P,26097.358307853232,,,31379.800144588957,,19030.8363034573,,,1901.3761085931396
181,V,29729.513499395718,29729.513499395718,897.044757025072,132580.9107222714,,19030.84445540768,,,1901.3822580747149
182,V,25046.277072522316,25046.277072522316,510.66967222455486,20679.77656978976,,19030.837661488407,,,1901.3771330321526
183,I,28882.642657099328,28882.642657099328,876.1744755020218,94746.39774635878,,19030.845133431045,,,1901.382769547344
184,L,20143.572749225274,20143.572749225274,3745.3213853882753,2956.621525054709,,19030.837998508872,,,1901.3773872656734
185,S,17998.602448295635,17998.602448295635,6414.915253697753,1262.4412003608543,,19030.845297959837,,,1901.3828936610432
186,A,18075.798520589917,18075.798520589917,3650.6691359997067,1301.7040785628133,,19030.837167016613,,,1901.376760024287
